period_id,panel_group,origin_minutes,period_start_utc,t0,target_end,grid_lat,grid_lon,pre_coverage_fraction,pre_coverage_eligible,future_coverage_fraction,future_coverage_eligible,both_coverage_eligible,cape,t2m,d2m,t_500,shear_850_500,shear_850_300,pre_cmax_dbz,pre_n_area5,pre_n_area10,future_storm,future_hail
active_20240418,primary,30,2024-04-18 22:00:00,2024-04-18 22:30:00,2024-04-18 23:00:00,40.375,-91.125,1.0,True,0.8666666666666667,True,True,93.75,283.02734375,281.6025390625,260.272216796875,27.68225912828926,29.336422324892705,53.0,14,13,0,0
active_20240418,primary,30,2024-04-18 22:00:00,2024-04-18 22:30:00,2024-04-18 23:00:00,40.375,-90.875,1.0,True,1.0,True,True,55.125,284.302734375,281.9599609375,260.484130859375,26.525846283831594,28.614697822866916,53.5,15,15,1,0
active_20240418,primary,30,2024-04-18 22:00:00,2024-04-18 22:30:00,2024-04-18 23:00:00,40.375,-90.625,1.0,True,1.0,True,True,18.5,286.224609375,282.8408203125,260.549560546875,24.91383705035005,28.160699252210748,53.5,15,14,1,0
active_20240418,primary,30,2024-04-18 22:00:00,2024-04-18 22:30:00,2024-04-18 23:00:00,40.375,-90.375,1.0,True,1.0,True,True,22.875,288.0546875,283.4560546875,260.442138671875,22.969098737342502,27.59679800771188,46.5,15,15,1,0
active_20240418,primary,30,2024-04-18 22:00:00,2024-04-18 22:30:00,2024-04-18 23:00:00,40.375,-89.375,1.0,True,0.8666666666666667,True,True,4.0,292.435546875,286.0791015625,259.494873046875,18.14319912373135,26.90730524893118,33.5,0,0,1,0
active_20240418,primary,30,2024-04-18 22:00:00,2024-04-18 22:30:00,2024-04-18 23:00:00,40.375,-89.125,1.0,True,1.0,True,True,1.5,292.720703125,285.9755859375,259.210693359375,18.563740547678833,26.601261579378047,20.0,0,0,1,0
active_20240418,primary,30,2024-04-18 22:00:00,2024-04-18 22:30:00,2024-04-18 23:00:00,40.375,-88.875,1.0,True,1.0,True,True,0.0,293.05078125,285.5087890625,258.905029296875,18.673612534640593,25.909229272536546,17.5,0,0,0,0
active_20240418,primary,30,2024-04-18 22:00:00,2024-04-18 22:30:00,2024-04-18 23:00:00,40.375,-88.625,1.0,True,1.0,True,True,0.0,293.267578125,284.9677734375,258.620849609375,18.45134694415351,25.15988240367725,15.0,0,0,0,0
active_20240418,primary,30,2024-04-18 22:00:00,2024-04-18 22:30:00,2024-04-18 23:00:00,40.125,-91.875,0.8,True,0.8666666666666667,True,True,243.125,281.771484375,281.4990234375,259.493896484375,29.487584321064023,31.60863509816083,37.5,0,0,0,0
active_20240418,primary,30,2024-04-18 22:00:00,2024-04-18 22:30:00,2024-04-18 23:00:00,40.125,-91.625,0.9333333333333333,True,0.8666666666666667,True,True,187.625,282.359375,281.8330078125,259.770263671875,28.580190161687813,30.026712150849704,47.5,6,5,0,0
active_20240418,primary,30,2024-04-18 22:00:00,2024-04-18 22:30:00,2024-04-18 23:00:00,40.125,-91.375,1.0,True,1.0,True,True,236.0,283.212890625,281.8310546875,260.044677734375,27.49877679129004,29.16205813591452,48.5,15,14,0,0
active_20240418,primary,30,2024-04-18 22:00:00,2024-04-18 22:30:00,2024-04-18 23:00:00,40.125,-91.125,1.0,True,1.0,True,True,202.0,284.822265625,283.0458984375,260.206787109375,26.33666262660362,29.015618186826405,49.5,15,15,1,0
active_20240418,primary,30,2024-04-18 22:00:00,2024-04-18 22:30:00,2024-04-18 23:00:00,40.125,-90.875,0.9333333333333333,True,1.0,True,True,108.75,286.51171875,284.2490234375,260.240966796875,25.220060238938817,29.33334307384623,45.5,12,10,1,0
active_20240418,primary,30,2024-04-18 22:00:00,2024-04-18 22:30:00,2024-04-18 23:00:00,40.125,-89.125,1.0,True,1.0,True,True,0.375,294.0,286.7333984375,259.229248046875,20.265484742599153,26.663874176097774,27.5,0,0,1,0
active_20240418,primary,30,2024-04-18 22:00:00,2024-04-18 22:30:00,2024-04-18 23:00:00,40.125,-88.875,1.0,True,1.0,True,True,0.25,294.060546875,286.3896484375,258.995849609375,21.06855166157435,26.13181595625752,25.5,0,0,0,0
active_20240418,primary,30,2024-04-18 22:00:00,2024-04-18 22:30:00,2024-04-18 23:00:00,40.125,-88.625,1.0,True,1.0,True,True,0.25,294.259765625,285.8974609375,258.736083984375,21.540664188634967,25.8653035074604,25.0,0,0,0,0
active_20240418,primary,30,2024-04-18 22:00:00,2024-04-18 22:30:00,2024-04-18 23:00:00,39.875,-91.875,1.0,True,1.0,True,True,406.875,282.41796875,281.5849609375,259.787841796875,27.49175763053689,27.827235684410343,51.0,9,7,0,0
active_20240418,primary,30,2024-04-18 22:00:00,2024-04-18 22:30:00,2024-04-18 23:00:00,39.875,-91.625,1.0,True,1.0,True,True,376.375,283.224609375,281.9013671875,259.999755859375,25.905045855325053,26.320776906903614,53.0,15,15,0,0
active_20240418,primary,30,2024-04-18 22:00:00,2024-04-18 22:30:00,2024-04-18 23:00:00,39.875,-91.375,0.8,True,1.0,True,True,337.5,284.984375,283.0791015625,260.129638671875,24.736025469111954,26.217366519291293,49.0,12,9,1,0
active_20240418,primary,30,2024-04-18 22:00:00,2024-04-18 22:30:00,2024-04-18 23:00:00,39.875,-89.375,1.0,True,0.8666666666666667,True,True,3.625,295.1484375,287.4404296875,259.367919921875,20.93965359057256,26.866084077738954,40.5,4,3,1,0
active_20240418,primary,30,2024-04-18 22:00:00,2024-04-18 22:30:00,2024-04-18 23:00:00,39.875,-89.125,1.0,True,1.0,True,True,2.125,295.09765625,287.2236328125,259.188232421875,22.470327327368768,26.482653739917176,31.0,0,0,1,0
active_20240418,primary,30,2024-04-18 22:00:00,2024-04-18 22:30:00,2024-04-18 23:00:00,39.875,-88.875,1.0,True,1.0,True,True,1.375,295.095703125,286.9013671875,259.031005859375,23.509101724667886,26.179721638360167,26.5,0,0,0,0
active_20240418,primary,30,2024-04-18 22:00:00,2024-04-18 22:30:00,2024-04-18 23:00:00,39.875,-88.625,1.0,True,1.0,True,True,0.625,295.095703125,286.6064453125,258.830810546875,24.040146407574277,25.950805865524288,25.5,0,0,0,0
active_20240418,primary,30,2024-04-18 22:00:00,2024-04-18 22:30:00,2024-04-18 23:00:00,39.625,-89.875,1.0,True,1.0,True,True,45.25,295.603515625,288.0986328125,259.757568359375,20.051685113088368,26.694751101361412,53.0,12,12,1,0
active_20240418,primary,30,2024-04-18 22:00:00,2024-04-18 22:30:00,2024-04-18 23:00:00,39.625,-89.625,1.0,True,1.0,True,True,22.125,296.001953125,287.9931640625,259.591552734375,20.91652100708929,26.05617943591509,44.0,0,0,1,0
active_20240418,primary,30,2024-04-18 22:00:00,2024-04-18 22:30:00,2024-04-18 23:00:00,39.625,-89.375,1.0,True,1.0,True,True,19.0,296.138671875,287.8955078125,259.400146484375,22.286228426393283,25.592519036147166,36.5,0,0,0,0
active_20240418,primary,30,2024-04-18 22:00:00,2024-04-18 22:30:00,2024-04-18 23:00:00,39.625,-89.125,1.0,True,1.0,True,True,14.75,295.85546875,287.9345703125,259.219482421875,23.949955746238036,25.672925944622136,27.5,0,0,0,0
active_20240418,primary,30,2024-04-18 22:00:00,2024-04-18 22:30:00,2024-04-18 23:00:00,39.625,-88.875,1.0,True,1.0,True,True,9.125,295.7890625,287.6533203125,259.078857421875,25.1341093285296,25.76121476736859,25.0,0,0,0,0
active_20240418,primary,30,2024-04-18 22:00:00,2024-04-18 22:30:00,2024-04-18 23:00:00,39.625,-88.625,0.8666666666666667,True,1.0,True,True,5.75,295.74609375,287.3447265625,258.945068359375,25.716415453530058,25.630286192145178,22.5,0,0,0,0
active_20240418,primary,30,2024-04-18 22:00:00,2024-04-18 22:30:00,2024-04-18 23:00:00,39.375,-90.375,1.0,True,0.9333333333333333,True,True,348.25,296.044921875,288.5673828125,260.267333984375,19.576847206853916,24.341592291128002,58.5,15,15,1,0
active_20240418,primary,30,2024-04-18 22:00:00,2024-04-18 22:30:00,2024-04-18 23:00:00,39.375,-90.125,1.0,True,1.0,True,True,310.25,296.44140625,288.6044921875,260.143310546875,20.404651664076173,24.72884227093234,62.0,15,15,1,0
active_20240418,primary,30,2024-04-18 22:00:00,2024-04-18 22:30:00,2024-04-18 23:00:00,39.375,-89.875,1.0,True,1.0,True,True,190.375,296.68359375,288.1435546875,260.035888671875,21.065768635003685,24.526391870911336,58.5,12,11,1,0
active_20240418,primary,30,2024-04-18 22:00:00,2024-04-18 22:30:00,2024-04-18 23:00:00,39.375,-89.625,1.0,True,1.0,True,True,109.5,296.640625,288.1591796875,259.911865234375,21.67295382850432,23.911975998473597,40.0,0,0,1,0
active_20240418,primary,30,2024-04-18 22:00:00,2024-04-18 22:30:00,2024-04-18 23:00:00,39.375,-89.375,1.0,True,1.0,True,True,70.25,296.4921875,288.4072265625,259.722412109375,22.759563858055838,23.676692231620052,24.5,0,0,0,0
active_20240418,primary,30,2024-04-18 22:00:00,2024-04-18 22:30:00,2024-04-18 23:00:00,39.125,-90.625,1.0,True,0.9333333333333333,True,True,735.125,296.720703125,288.7529296875,260.846435546875,17.791544636088688,20.719869230536997,58.5,14,13,0,0
active_20240418,primary,30,2024-04-18 22:00:00,2024-04-18 22:30:00,2024-04-18 23:00:00,39.125,-90.375,1.0,True,1.0,True,True,640.125,297.2109375,288.6025390625,260.756591796875,18.937945636192513,21.557891973453895,57.5,15,14,1,0
active_20240418,primary,30,2024-04-18 22:00:00,2024-04-18 22:30:00,2024-04-18 23:00:00,39.125,-90.125,1.0,True,1.0,True,True,535.25,297.123046875,288.4423828125,260.674560546875,20.15767264569641,21.73786734993361,44.5,2,1,1,0
active_20240418,primary,30,2024-04-18 22:00:00,2024-04-18 22:30:00,2024-04-18 23:00:00,38.875,-90.875,1.0,True,1.0,True,True,1033.625,297.298828125,288.7919921875,261.298583984375,14.537189139690012,15.804492424409734,61.0,14,13,0,0
active_20240418,primary,30,2024-04-18 22:00:00,2024-04-18 22:30:00,2024-04-18 23:00:00,38.875,-90.625,1.0,True,1.0,True,True,1005.375,297.876953125,288.7490234375,261.260498046875,15.200859475545059,17.084651432336962,59.0,15,15,1,0
active_20240418,primary,30,2024-04-18 22:00:00,2024-04-18 22:30:00,2024-04-18 23:00:00,38.875,-90.375,1.0,True,1.0,True,True,885.75,297.90625,288.7431640625,261.197998046875,16.47427159980251,17.564123300413335,59.5,13,13,1,0
active_20240418,primary,30,2024-04-18 22:00:00,2024-04-18 22:30:00,2024-04-18 23:00:00,38.875,-90.125,0.8666666666666667,True,1.0,True,True,661.625,297.978515625,288.4912109375,261.223388671875,18.28884475963289,17.931655454449007,44.0,1,0,1,0
active_20240418,primary,30,2024-04-18 22:00:00,2024-04-18 22:30:00,2024-04-18 23:00:00,38.625,-91.125,1.0,True,0.8666666666666667,True,True,1178.125,297.0234375,289.6298828125,261.765380859375,10.909722068120907,11.245276865454906,57.5,11,10,0,0
active_20240418,primary,30,2024-04-18 22:00:00,2024-04-18 22:30:00,2024-04-18 23:00:00,38.625,-90.875,1.0,True,1.0,True,True,1295.125,297.806640625,289.3369140625,261.675537109375,11.091371988129612,12.204418103300691,59.0,15,15,1,0
active_20240418,primary,30,2024-04-18 22:00:00,2024-04-18 22:30:00,2024-04-18 23:00:00,38.625,-90.625,1.0,True,1.0,True,True,1399.0,298.0,289.1767578125,261.447998046875,11.3289672566916,12.73176891053071,64.0,15,15,1,0
active_20240418,primary,30,2024-04-18 22:00:00,2024-04-18 22:30:00,2024-04-18 23:00:00,38.625,-90.375,1.0,True,1.0,True,True,1283.875,298.041015625,289.1552734375,261.320068359375,12.444245356941662,12.96791700807705,63.5,15,13,1,0
active_20240418,primary,30,2024-04-18 22:00:00,2024-04-18 22:30:00,2024-04-18 23:00:00,38.625,-90.125,0.8666666666666667,True,1.0,True,True,792.75,298.28125,289.0068359375,261.367919921875,14.921947896653577,14.036725653090317,39.0,0,0,1,0
active_20240418,primary,30,2024-04-18 22:00:00,2024-04-18 22:30:00,2024-04-18 23:00:00,38.375,-91.125,1.0,True,1.0,True,True,1460.75,297.373046875,290.1630859375,262.025146484375,7.237831048534586,8.38808386939247,61.5,15,15,0,0
active_20240418,primary,30,2024-04-18 22:00:00,2024-04-18 22:30:00,2024-04-18 23:00:00,38.375,-90.875,1.0,True,1.0,True,True,1618.0,297.41796875,290.2470703125,261.850341796875,7.568008056685164,8.993338293933178,59.5,11,9,1,0
active_20240418,primary,30,2024-04-18 22:00:00,2024-04-18 22:30:00,2024-04-18 23:00:00,38.375,-90.625,1.0,True,1.0,True,True,1717.5,297.568359375,290.0888671875,261.522216796875,7.948124184879632,9.312272288833986,59.5,12,11,1,0
active_20240418,primary,30,2024-04-18 22:00:00,2024-04-18 22:30:00,2024-04-18 23:00:00,38.375,-90.375,0.8666666666666667,True,1.0,True,True,1654.5,297.603515625,289.9501953125,261.253662109375,9.302770255612979,9.886881062983607,61.5,6,0,1,0
active_20240418,primary,30,2024-04-18 22:00:00,2024-04-18 22:30:00,2024-04-18 23:00:00,38.125,-91.375,1.0,True,1.0,True,True,1267.0,298.1796875,289.4853515625,262.031982421875,4.436765388892726,6.91707612509076,59.0,15,15,1,0
active_20240418,primary,30,2024-04-18 22:00:00,2024-04-18 22:30:00,2024-04-18 23:00:00,38.125,-91.125,1.0,True,1.0,True,True,1508.375,297.470703125,290.1279296875,262.006591796875,4.327588231111972,7.096135207636595,57.5,10,9,1,0
active_20240418,primary,45,2024-04-18 22:00:00,2024-04-18 22:45:00,2024-04-18 23:15:00,40.375,-90.875,1.0,True,0.9333333333333333,True,True,55.125,284.302734375,281.9599609375,260.484130859375,26.525846283831594,28.614697822866916,53.5,15,15,0,0
active_20240418,primary,45,2024-04-18 22:00:00,2024-04-18 22:45:00,2024-04-18 23:15:00,40.375,-90.625,1.0,True,1.0,True,True,18.5,286.224609375,282.8408203125,260.549560546875,24.91383705035005,28.160699252210748,53.5,15,15,1,0
active_20240418,primary,45,2024-04-18 22:00:00,2024-04-18 22:45:00,2024-04-18 23:15:00,40.375,-90.375,1.0,True,1.0,True,True,22.875,288.0546875,283.4560546875,260.442138671875,22.969098737342502,27.59679800771188,51.0,15,15,1,0
active_20240418,primary,45,2024-04-18 22:00:00,2024-04-18 22:45:00,2024-04-18 23:15:00,40.375,-89.125,1.0,True,1.0,True,True,1.5,292.720703125,285.9755859375,259.210693359375,18.563740547678833,26.601261579378047,42.5,1,0,1,0
active_20240418,primary,45,2024-04-18 22:00:00,2024-04-18 22:45:00,2024-04-18 23:15:00,40.375,-88.875,1.0,True,1.0,True,True,0.0,293.05078125,285.5087890625,258.905029296875,18.673612534640593,25.909229272536546,26.0,0,0,1,0
active_20240418,primary,45,2024-04-18 22:00:00,2024-04-18 22:45:00,2024-04-18 23:15:00,40.375,-88.625,1.0,True,1.0,True,True,0.0,293.267578125,284.9677734375,258.620849609375,18.45134694415351,25.15988240367725,15.0,0,0,0,0
active_20240418,primary,45,2024-04-18 22:00:00,2024-04-18 22:45:00,2024-04-18 23:15:00,40.125,-91.625,0.9333333333333333,True,0.8,True,True,187.625,282.359375,281.8330078125,259.770263671875,28.580190161687813,30.026712150849704,36.5,0,0,0,0
active_20240418,primary,45,2024-04-18 22:00:00,2024-04-18 22:45:00,2024-04-18 23:15:00,40.125,-91.375,1.0,True,0.8666666666666667,True,True,236.0,283.212890625,281.8310546875,260.044677734375,27.49877679129004,29.16205813591452,48.5,7,6,0,0
active_20240418,primary,45,2024-04-18 22:00:00,2024-04-18 22:45:00,2024-04-18 23:15:00,40.125,-91.125,1.0,True,1.0,True,True,202.0,284.822265625,283.0458984375,260.206787109375,26.33666262660362,29.015618186826405,49.5,15,15,0,0
active_20240418,primary,45,2024-04-18 22:00:00,2024-04-18 22:45:00,2024-04-18 23:15:00,40.125,-90.875,1.0,True,1.0,True,True,108.75,286.51171875,284.2490234375,260.240966796875,25.220060238938817,29.33334307384623,48.5,15,15,1,0
active_20240418,primary,45,2024-04-18 22:00:00,2024-04-18 22:45:00,2024-04-18 23:15:00,40.125,-89.125,1.0,True,0.8666666666666667,True,True,0.375,294.0,286.7333984375,259.229248046875,20.265484742599153,26.663874176097774,52.5,4,4,1,0
active_20240418,primary,45,2024-04-18 22:00:00,2024-04-18 22:45:00,2024-04-18 23:15:00,40.125,-88.875,1.0,True,1.0,True,True,0.25,294.060546875,286.3896484375,258.995849609375,21.06855166157435,26.13181595625752,33.0,0,0,1,0
active_20240418,primary,45,2024-04-18 22:00:00,2024-04-18 22:45:00,2024-04-18 23:15:00,40.125,-88.625,1.0,True,1.0,True,True,0.25,294.259765625,285.8974609375,258.736083984375,21.540664188634967,25.8653035074604,25.0,0,0,0,0
active_20240418,primary,45,2024-04-18 22:00:00,2024-04-18 22:45:00,2024-04-18 23:15:00,39.875,-91.375,1.0,True,0.9333333333333333,True,True,337.5,284.984375,283.0791015625,260.129638671875,24.736025469111954,26.217366519291293,54.5,15,15,0,0
active_20240418,primary,45,2024-04-18 22:00:00,2024-04-18 22:45:00,2024-04-18 23:15:00,39.875,-91.125,0.9333333333333333,True,1.0,True,True,317.0,286.849609375,285.0205078125,260.153076171875,24.66555276558574,27.725116550877114,51.0,13,8,1,0
active_20240418,primary,45,2024-04-18 22:00:00,2024-04-18 22:45:00,2024-04-18 23:15:00,39.875,-89.125,1.0,True,0.8666666666666667,True,True,2.125,295.09765625,287.2236328125,259.188232421875,22.470327327368768,26.482653739917176,47.5,4,1,1,0
active_20240418,primary,45,2024-04-18 22:00:00,2024-04-18 22:45:00,2024-04-18 23:15:00,39.875,-88.875,1.0,True,1.0,True,True,1.375,295.095703125,286.9013671875,259.031005859375,23.509101724667886,26.179721638360167,27.5,0,0,0,0
active_20240418,primary,45,2024-04-18 22:00:00,2024-04-18 22:45:00,2024-04-18 23:15:00,39.875,-88.625,1.0,True,1.0,True,True,0.625,295.095703125,286.6064453125,258.830810546875,24.040146407574277,25.950805865524288,26.5,0,0,0,0
active_20240418,primary,45,2024-04-18 22:00:00,2024-04-18 22:45:00,2024-04-18 23:15:00,39.625,-89.875,1.0,True,1.0,True,True,45.25,295.603515625,288.0986328125,259.757568359375,20.051685113088368,26.694751101361412,56.5,15,15,1,0
active_20240418,primary,45,2024-04-18 22:00:00,2024-04-18 22:45:00,2024-04-18 23:15:00,39.625,-89.625,1.0,True,1.0,True,True,22.125,296.001953125,287.9931640625,259.591552734375,20.91652100708929,26.05617943591509,51.5,6,5,1,0
active_20240418,primary,45,2024-04-18 22:00:00,2024-04-18 22:45:00,2024-04-18 23:15:00,39.625,-89.375,1.0,True,1.0,True,True,19.0,296.138671875,287.8955078125,259.400146484375,22.286228426393283,25.592519036147166,40.5,1,0,0,0
active_20240418,primary,45,2024-04-18 22:00:00,2024-04-18 22:45:00,2024-04-18 23:15:00,39.625,-89.125,1.0,True,1.0,True,True,14.75,295.85546875,287.9345703125,259.219482421875,23.949955746238036,25.672925944622136,32.5,0,0,0,0
active_20240418,primary,45,2024-04-18 22:00:00,2024-04-18 22:45:00,2024-04-18 23:15:00,39.625,-88.875,1.0,True,1.0,True,True,9.125,295.7890625,287.6533203125,259.078857421875,25.1341093285296,25.76121476736859,26.0,0,0,0,0
active_20240418,primary,45,2024-04-18 22:00:00,2024-04-18 22:45:00,2024-04-18 23:15:00,39.625,-88.625,1.0,True,1.0,True,True,5.75,295.74609375,287.3447265625,258.945068359375,25.716415453530058,25.630286192145178,22.5,0,0,0,0
active_20240418,primary,45,2024-04-18 22:00:00,2024-04-18 22:45:00,2024-04-18 23:15:00,39.375,-90.125,1.0,True,1.0,True,True,310.25,296.44140625,288.6044921875,260.143310546875,20.404651664076173,24.72884227093234,59.5,15,15,1,0
active_20240418,primary,45,2024-04-18 22:00:00,2024-04-18 22:45:00,2024-04-18 23:15:00,39.375,-89.875,1.0,True,1.0,True,True,190.375,296.68359375,288.1435546875,260.035888671875,21.065768635003685,24.526391870911336,59.0,15,15,1,0
active_20240418,primary,45,2024-04-18 22:00:00,2024-04-18 22:45:00,2024-04-18 23:15:00,39.375,-89.625,1.0,True,1.0,True,True,109.5,296.640625,288.1591796875,259.911865234375,21.67295382850432,23.911975998473597,56.0,7,6,1,0
active_20240418,primary,45,2024-04-18 22:00:00,2024-04-18 22:45:00,2024-04-18 23:15:00,39.375,-89.375,1.0,True,1.0,True,True,70.25,296.4921875,288.4072265625,259.722412109375,22.759563858055838,23.676692231620052,26.5,0,0,1,0
active_20240418,primary,45,2024-04-18 22:00:00,2024-04-18 22:45:00,2024-04-18 23:15:00,39.375,-89.125,1.0,True,1.0,True,True,43.875,296.517578125,288.3037109375,259.502685546875,24.29019252603876,24.166224775039947,25.5,0,0,0,0
active_20240418,primary,45,2024-04-18 22:00:00,2024-04-18 22:45:00,2024-04-18 23:15:00,39.125,-90.375,1.0,True,1.0,True,True,640.125,297.2109375,288.6025390625,260.756591796875,18.937945636192513,21.557891973453895,57.5,15,14,0,0
active_20240418,primary,45,2024-04-18 22:00:00,2024-04-18 22:45:00,2024-04-18 23:15:00,39.125,-90.125,1.0,True,1.0,True,True,535.25,297.123046875,288.4423828125,260.674560546875,20.15767264569641,21.73786734993361,56.5,10,9,1,0
active_20240418,primary,45,2024-04-18 22:00:00,2024-04-18 22:45:00,2024-04-18 23:15:00,39.125,-89.875,1.0,True,1.0,True,True,384.0,297.2890625,288.3271484375,260.629638671875,21.01704527310997,21.689251458898887,51.5,5,1,1,1
active_20240418,primary,45,2024-04-18 22:00:00,2024-04-18 22:45:00,2024-04-18 23:15:00,38.875,-90.625,1.0,True,1.0,True,True,1005.375,297.876953125,288.7490234375,261.260498046875,15.200859475545059,17.084651432336962,59.0,14,12,0,0
active_20240418,primary,45,2024-04-18 22:00:00,2024-04-18 22:45:00,2024-04-18 23:15:00,38.875,-90.375,1.0,True,1.0,True,True,885.75,297.90625,288.7431640625,261.197998046875,16.47427159980251,17.564123300413335,61.5,15,15,1,0
active_20240418,primary,45,2024-04-18 22:00:00,2024-04-18 22:45:00,2024-04-18 23:15:00,38.875,-90.125,1.0,True,1.0,True,True,661.625,297.978515625,288.4912109375,261.223388671875,18.28884475963289,17.931655454449007,59.0,9,7,1,0
active_20240418,primary,45,2024-04-18 22:00:00,2024-04-18 22:45:00,2024-04-18 23:15:00,38.625,-90.875,1.0,True,1.0,True,True,1295.125,297.806640625,289.3369140625,261.675537109375,11.091371988129612,12.204418103300691,59.0,15,15,0,0
active_20240418,primary,45,2024-04-18 22:00:00,2024-04-18 22:45:00,2024-04-18 23:15:00,38.625,-90.625,1.0,True,1.0,True,True,1399.0,298.0,289.1767578125,261.447998046875,11.3289672566916,12.73176891053071,63.5,15,15,1,0
active_20240418,primary,45,2024-04-18 22:00:00,2024-04-18 22:45:00,2024-04-18 23:15:00,38.625,-90.375,1.0,True,1.0,True,True,1283.875,298.041015625,289.1552734375,261.320068359375,12.444245356941662,12.96791700807705,62.5,15,15,1,0
active_20240418,primary,45,2024-04-18 22:00:00,2024-04-18 22:45:00,2024-04-18 23:15:00,38.625,-90.125,1.0,True,1.0,True,True,792.75,298.28125,289.0068359375,261.367919921875,14.921947896653577,14.036725653090317,57.0,7,6,1,0
active_20240418,primary,45,2024-04-18 22:00:00,2024-04-18 22:45:00,2024-04-18 23:15:00,38.375,-91.125,1.0,True,1.0,True,True,1460.75,297.373046875,290.1630859375,262.025146484375,7.237831048534586,8.38808386939247,61.0,11,9,0,0
active_20240418,primary,45,2024-04-18 22:00:00,2024-04-18 22:45:00,2024-04-18 23:15:00,38.375,-90.875,1.0,True,1.0,True,True,1618.0,297.41796875,290.2470703125,261.850341796875,7.568008056685164,8.993338293933178,59.5,15,15,0,0
active_20240418,primary,45,2024-04-18 22:00:00,2024-04-18 22:45:00,2024-04-18 23:15:00,38.375,-90.625,1.0,True,1.0,True,True,1717.5,297.568359375,290.0888671875,261.522216796875,7.948124184879632,9.312272288833986,60.0,15,15,1,0
active_20240418,primary,45,2024-04-18 22:00:00,2024-04-18 22:45:00,2024-04-18 23:15:00,38.375,-90.375,1.0,True,1.0,True,True,1654.5,297.603515625,289.9501953125,261.253662109375,9.302770255612979,9.886881062983607,61.5,14,5,1,0
active_20240418,primary,45,2024-04-18 22:00:00,2024-04-18 22:45:00,2024-04-18 23:15:00,38.125,-91.375,1.0,True,1.0,True,True,1267.0,298.1796875,289.4853515625,262.031982421875,4.436765388892726,6.91707612509076,59.0,15,15,0,0
active_20240418,primary,45,2024-04-18 22:00:00,2024-04-18 22:45:00,2024-04-18 23:15:00,38.125,-91.125,1.0,True,1.0,True,True,1508.375,297.470703125,290.1279296875,262.006591796875,4.327588231111972,7.096135207636595,59.5,15,15,1,0
active_20240418,primary,45,2024-04-18 22:00:00,2024-04-18 22:45:00,2024-04-18 23:15:00,38.125,-90.875,1.0,True,1.0,True,True,1616.125,297.04296875,290.6767578125,261.866943359375,4.853833415456651,7.260024447855516,58.0,9,8,1,0
active_20240418,primary,45,2024-04-18 22:00:00,2024-04-18 22:45:00,2024-04-18 23:15:00,38.125,-90.625,0.8,True,1.0,True,True,1641.0,296.6875,290.7294921875,261.583740234375,6.011491688595353,7.669858044565026,54.5,1,0,1,0
active_20240418,primary,45,2024-04-18 22:00:00,2024-04-18 22:45:00,2024-04-18 23:15:00,37.875,-91.375,1.0,True,0.9333333333333333,True,True,1062.5,297.97265625,289.7392578125,262.112060546875,4.196502822726283,8.411055849160677,60.5,15,14,1,1
active_20240508,primary,30,2024-05-08 21:00:00,2024-05-08 21:30:00,2024-05-08 22:00:00,39.875,-89.875,0.8666666666666667,True,1.0,True,True,0.0,297.644775390625,285.629638671875,258.727294921875,33.167821993240324,40.60772126816749,44.5,0,0,1,0
active_20240508,primary,30,2024-05-08 21:00:00,2024-05-08 21:30:00,2024-05-08 22:00:00,39.875,-89.625,0.8666666666666667,True,1.0,True,True,0.0,297.843994140625,285.340576171875,258.710693359375,32.31200362993347,39.63526131475133,43.5,0,0,1,0
active_20240508,primary,30,2024-05-08 21:00:00,2024-05-08 21:30:00,2024-05-08 22:00:00,39.875,-89.375,1.0,True,1.0,True,True,0.0,298.090087890625,285.248779296875,258.770263671875,31.250408061239227,38.820637276739795,39.5,0,0,1,0
active_20240508,primary,30,2024-05-08 21:00:00,2024-05-08 21:30:00,2024-05-08 22:00:00,39.875,-89.125,1.0,True,1.0,True,True,0.0,297.902587890625,285.684326171875,258.914794921875,30.184815216345214,38.04385292642773,42.0,0,0,0,0
active_20240508,primary,30,2024-05-08 21:00:00,2024-05-08 21:30:00,2024-05-08 22:00:00,39.875,-88.875,1.0,True,1.0,True,True,0.0,297.963134765625,285.840576171875,259.137451171875,29.20999107655485,37.2919531615105,41.0,0,0,0,0
active_20240508,primary,30,2024-05-08 21:00:00,2024-05-08 21:30:00,2024-05-08 22:00:00,39.875,-88.625,1.0,True,1.0,True,True,0.0,298.111572265625,285.897216796875,259.364013671875,28.54516399124583,36.680836592603114,27.0,0,0,0,0
active_20240508,primary,30,2024-05-08 21:00:00,2024-05-08 21:30:00,2024-05-08 22:00:00,39.625,-89.875,1.0,True,1.0,True,True,4.5,297.681884765625,287.840576171875,258.972412109375,32.91940905258684,39.28693604292978,48.0,10,5,1,0
active_20240508,primary,30,2024-05-08 21:00:00,2024-05-08 21:30:00,2024-05-08 22:00:00,39.125,-91.625,1.0,True,0.9333333333333333,True,True,1238.25,291.445556640625,290.285888671875,260.020263671875,27.817681421425167,37.096051848392584,46.5,0,0,1,0
active_20240508,primary,30,2024-05-08 21:00:00,2024-05-08 21:30:00,2024-05-08 22:00:00,39.125,-91.375,1.0,True,1.0,True,True,853.375,291.801025390625,290.508544921875,259.944091796875,27.84295706900643,37.64108676781673,50.0,3,2,1,0
active_20240508,primary,30,2024-05-08 21:00:00,2024-05-08 21:30:00,2024-05-08 22:00:00,38.875,-91.625,1.0,True,1.0,True,True,1938.375,292.617431640625,290.463623046875,259.965576171875,24.60248446442392,33.39512916317176,51.5,5,4,1,0
active_20240508,primary,30,2024-05-08 21:00:00,2024-05-08 21:30:00,2024-05-08 22:00:00,38.875,-90.375,1.0,True,1.0,True,True,554.0,296.119384765625,291.647216796875,260.092529296875,27.833095316590242,32.305497083795714,59.5,15,14,1,0
active_20240508,primary,30,2024-05-08 21:00:00,2024-05-08 21:30:00,2024-05-08 22:00:00,38.875,-90.125,1.0,True,1.0,True,True,408.125,296.572509765625,291.121826171875,260.089599609375,28.623423572525883,32.41839469968285,52.5,4,4,1,0
active_20240508,primary,30,2024-05-08 21:00:00,2024-05-08 21:30:00,2024-05-08 22:00:00,38.875,-88.625,1.0,True,1.0,True,True,476.75,297.656494140625,290.926513671875,260.099365234375,27.992334770579262,36.423622517658984,38.5,1,0,0,0
active_20240508,primary,30,2024-05-08 21:00:00,2024-05-08 21:30:00,2024-05-08 22:00:00,38.625,-91.875,1.0,True,1.0,True,True,2494.0,294.511962890625,291.539794921875,260.042724609375,21.65578555702531,29.61404903867395,50.5,13,9,1,0
active_20240508,primary,30,2024-05-08 21:00:00,2024-05-08 21:30:00,2024-05-08 22:00:00,38.625,-91.625,1.0,True,1.0,True,True,2246.375,294.592041015625,291.223388671875,259.890380859375,21.60902577173266,30.248818844749124,51.5,6,0,1,0
active_20240508,primary,30,2024-05-08 21:00:00,2024-05-08 21:30:00,2024-05-08 22:00:00,38.625,-91.375,1.0,True,1.0,True,True,2167.625,294.672119140625,291.178466796875,259.883544921875,22.108849301529055,30.43653003642404,55.5,2,0,0,0
active_20240508,primary,30,2024-05-08 21:00:00,2024-05-08 21:30:00,2024-05-08 22:00:00,38.625,-91.125,0.8,True,1.0,True,True,1913.125,295.511962890625,291.660888671875,259.996826171875,22.916037824577394,30.17301402107816,56.5,12,11,1,0
active_20240508,primary,30,2024-05-08 21:00:00,2024-05-08 21:30:00,2024-05-08 22:00:00,38.625,-90.875,1.0,True,1.0,True,True,1689.875,295.650634765625,292.000732421875,260.162841796875,24.012481915646873,29.695718668996918,63.5,15,15,1,0
active_20240508,primary,30,2024-05-08 21:00:00,2024-05-08 21:30:00,2024-05-08 22:00:00,38.625,-88.875,1.0,True,1.0,True,True,949.625,297.166259765625,291.473388671875,260.343505859375,26.816639949633913,35.10693940647532,30.5,0,0,0,0
active_20240508,primary,30,2024-05-08 21:00:00,2024-05-08 21:30:00,2024-05-08 22:00:00,38.625,-88.625,1.0,True,1.0,True,True,950.5,297.250244140625,291.526123046875,260.440185546875,26.448839377879175,35.158605188403506,37.5,1,0,0,0
active_20240508,primary,30,2024-05-08 21:00:00,2024-05-08 21:30:00,2024-05-08 22:00:00,38.375,-91.875,1.0,True,1.0,True,True,2360.5,295.802978515625,291.772216796875,260.006591796875,18.087802528824426,26.716479964448737,51.0,12,11,0,0
active_20240508,primary,30,2024-05-08 21:00:00,2024-05-08 21:30:00,2024-05-08 22:00:00,38.375,-91.625,1.0,True,1.0,True,True,2372.5,295.687744140625,291.471435546875,259.997802734375,19.230146143104935,27.357900204335255,30.5,0,0,0,0
active_20240508,primary,30,2024-05-08 21:00:00,2024-05-08 21:30:00,2024-05-08 22:00:00,38.375,-91.375,1.0,True,1.0,True,True,2293.375,295.769775390625,291.426513671875,260.064208984375,20.645823237814206,27.26391953416745,50.0,1,0,0,0
active_20240508,primary,30,2024-05-08 21:00:00,2024-05-08 21:30:00,2024-05-08 22:00:00,38.375,-91.125,1.0,True,1.0,True,True,2255.375,295.623291015625,291.506591796875,260.176513671875,22.36366322555574,27.25356031195458,57.5,5,4,1,0
active_20240508,primary,30,2024-05-08 21:00:00,2024-05-08 21:30:00,2024-05-08 22:00:00,38.375,-90.875,1.0,True,1.0,True,True,2173.5,295.636962890625,291.768310546875,260.375732421875,24.216553456791143,27.41323297163807,50.5,6,1,1,0
active_20240508,primary,30,2024-05-08 21:00:00,2024-05-08 21:30:00,2024-05-08 22:00:00,38.375,-88.875,1.0,True,1.0,True,True,1314.125,296.494384765625,291.789794921875,260.698974609375,24.608384558732308,33.088665547188704,36.5,0,0,0,0
active_20240508,primary,30,2024-05-08 21:00:00,2024-05-08 21:30:00,2024-05-08 22:00:00,38.375,-88.625,1.0,True,1.0,True,True,1315.0,296.578369140625,291.842529296875,260.813232421875,24.27800202465058,33.01144716947724,36.5,0,0,0,0
active_20240508,primary,30,2024-05-08 21:00:00,2024-05-08 21:30:00,2024-05-08 22:00:00,38.125,-91.875,1.0,True,1.0,True,True,2204.0,295.685791015625,291.596435546875,260.459716796875,16.938152040296256,24.02968335886356,56.5,15,15,1,0
active_20240508,primary,30,2024-05-08 21:00:00,2024-05-08 21:30:00,2024-05-08 22:00:00,38.125,-91.625,1.0,True,1.0,True,True,2304.75,295.510009765625,291.297607421875,260.572021484375,18.689461755032998,24.051377863051126,59.0,13,10,1,0
active_20240508,primary,30,2024-05-08 21:00:00,2024-05-08 21:30:00,2024-05-08 22:00:00,38.125,-91.375,1.0,True,1.0,True,True,2282.25,295.271728515625,291.176513671875,260.551513671875,20.36859190988017,23.668722732014963,60.0,13,11,1,0
active_20240508,primary,30,2024-05-08 21:00:00,2024-05-08 21:30:00,2024-05-08 22:00:00,38.125,-91.125,1.0,True,1.0,True,True,2210.375,295.064697265625,291.262451171875,260.484130859375,22.289916120129543,24.16233247144285,43.5,2,0,1,0
active_20240508,primary,30,2024-05-08 21:00:00,2024-05-08 21:30:00,2024-05-08 22:00:00,38.125,-89.125,1.0,True,0.9333333333333333,True,True,1474.625,296.084228515625,292.135498046875,261.139404296875,23.439605119917413,30.67969295087995,50.5,7,6,0,0
active_20240508,primary,30,2024-05-08 21:00:00,2024-05-08 21:30:00,2024-05-08 22:00:00,38.125,-88.875,1.0,True,1.0,True,True,1421.75,296.150634765625,292.108154296875,261.059326171875,22.709785017534983,31.086042328597202,52.0,15,15,0,0
active_20240508,primary,30,2024-05-08 21:00:00,2024-05-08 21:30:00,2024-05-08 22:00:00,38.125,-88.625,1.0,True,1.0,True,True,1395.75,296.113525390625,292.041748046875,261.155029296875,22.31417351547536,30.818201958659344,46.0,12,6,0,0
active_20240508,primary,30,2024-05-08 21:00:00,2024-05-08 21:30:00,2024-05-08 22:00:00,37.875,-91.875,1.0,True,1.0,True,True,2283.0,294.978759765625,291.526123046875,261.250732421875,18.283164052964295,23.248218887119066,65.0,15,15,1,0
active_20240508,primary,30,2024-05-08 21:00:00,2024-05-08 21:30:00,2024-05-08 22:00:00,37.875,-91.625,1.0,True,1.0,True,True,2273.25,294.295166015625,291.028076171875,261.309326171875,19.448087338739292,22.64371605531732,65.5,11,9,1,1
active_20240508,primary,30,2024-05-08 21:00:00,2024-05-08 21:30:00,2024-05-08 22:00:00,37.875,-91.375,0.8666666666666667,True,1.0,True,True,2253.0,294.056884765625,290.885498046875,261.130615234375,20.71821609950646,22.33202320537327,56.0,2,2,1,0
active_20240508,primary,30,2024-05-08 21:00:00,2024-05-08 21:30:00,2024-05-08 22:00:00,37.875,-88.875,1.0,True,1.0,True,True,1268.375,296.092041015625,292.408935546875,261.388427734375,21.536736704207097,29.408797928362066,59.5,15,15,1,0
active_20240508,primary,30,2024-05-08 21:00:00,2024-05-08 21:30:00,2024-05-08 22:00:00,37.875,-88.625,1.0,True,1.0,True,True,1254.125,295.970947265625,292.322998046875,261.416748046875,21.029588392825595,29.052302664338157,62.0,15,15,1,0
active_20240508,primary,30,2024-05-08 21:00:00,2024-05-08 21:30:00,2024-05-08 22:00:00,37.625,-91.875,1.0,True,1.0,True,True,2373.875,293.517822265625,291.240966796875,261.859130859375,19.98657504658175,24.558818977323796,61.5,15,15,1,1
active_20240508,primary,30,2024-05-08 21:00:00,2024-05-08 21:30:00,2024-05-08 22:00:00,37.625,-91.625,1.0,True,1.0,True,True,2352.75,292.767822265625,290.729248046875,261.745849609375,20.43560423503895,23.955758171958884,58.5,15,12,1,0
active_20240508,primary,30,2024-05-08 21:00:00,2024-05-08 21:30:00,2024-05-08 22:00:00,37.625,-88.875,1.0,True,1.0,True,True,1118.125,295.718994140625,292.416748046875,261.704833984375,21.231473863514147,27.945064040049772,59.0,15,15,1,0
active_20240508,primary,30,2024-05-08 21:00:00,2024-05-08 21:30:00,2024-05-08 22:00:00,37.625,-88.625,1.0,True,1.0,True,True,1145.25,295.683837890625,292.610107421875,261.637451171875,20.47374554893502,27.495648022235468,65.5,15,15,1,0
active_20240508,primary,45,2024-05-08 21:00:00,2024-05-08 21:45:00,2024-05-08 22:15:00,39.875,-89.625,1.0,True,1.0,True,True,0.0,297.843994140625,285.340576171875,258.710693359375,32.31200362993347,39.63526131475133,43.0,1,0,1,0
active_20240508,primary,45,2024-05-08 21:00:00,2024-05-08 21:45:00,2024-05-08 22:15:00,39.875,-89.375,1.0,True,1.0,True,True,0.0,298.090087890625,285.248779296875,258.770263671875,31.250408061239227,38.820637276739795,39.5,3,1,1,0
active_20240508,primary,45,2024-05-08 21:00:00,2024-05-08 21:45:00,2024-05-08 22:15:00,39.875,-89.125,1.0,True,1.0,True,True,0.0,297.902587890625,285.684326171875,258.914794921875,30.184815216345214,38.04385292642773,40.0,0,0,0,0
active_20240508,primary,45,2024-05-08 21:00:00,2024-05-08 21:45:00,2024-05-08 22:15:00,39.875,-88.875,1.0,True,1.0,True,True,0.0,297.963134765625,285.840576171875,259.137451171875,29.20999107655485,37.2919531615105,38.5,0,0,0,0
active_20240508,primary,45,2024-05-08 21:00:00,2024-05-08 21:45:00,2024-05-08 22:15:00,39.875,-88.625,1.0,True,1.0,True,True,0.0,298.111572265625,285.897216796875,259.364013671875,28.54516399124583,36.680836592603114,27.0,0,0,0,0
active_20240508,primary,45,2024-05-08 21:00:00,2024-05-08 21:45:00,2024-05-08 22:15:00,39.625,-91.375,0.8666666666666667,True,0.8,True,True,42.25,293.240478515625,290.938232421875,259.816162109375,33.885879745444406,44.24632647916229,56.0,13,13,1,0
active_20240508,primary,45,2024-05-08 21:00:00,2024-05-08 21:45:00,2024-05-08 22:15:00,39.125,-91.375,1.0,True,1.0,True,True,853.375,291.801025390625,290.508544921875,259.944091796875,27.84295706900643,37.64108676781673,42.5,0,0,1,0
active_20240508,primary,45,2024-05-08 21:00:00,2024-05-08 21:45:00,2024-05-08 22:15:00,38.875,-91.625,1.0,True,1.0,True,True,1938.375,292.617431640625,290.463623046875,259.965576171875,24.60248446442392,33.39512916317176,57.0,13,10,0,0
active_20240508,primary,45,2024-05-08 21:00:00,2024-05-08 21:45:00,2024-05-08 22:15:00,38.875,-91.375,1.0,True,1.0,True,True,1564.875,293.133056640625,290.772216796875,259.886474609375,24.672831598349653,33.74159620910439,56.5,6,6,1,0
active_20240508,primary,45,2024-05-08 21:00:00,2024-05-08 21:45:00,2024-05-08 22:15:00,38.875,-91.125,0.8666666666666667,True,1.0,True,True,1223.75,294.238525390625,291.364013671875,259.921630859375,24.866801214277686,33.42604013338199,43.5,0,0,1,0
active_20240508,primary,45,2024-05-08 21:00:00,2024-05-08 21:45:00,2024-05-08 22:15:00,38.875,-90.375,1.0,True,1.0,True,True,554.0,296.119384765625,291.647216796875,260.092529296875,27.833095316590242,32.305497083795714,59.0,15,15,1,0
active_20240508,primary,45,2024-05-08 21:00:00,2024-05-08 21:45:00,2024-05-08 22:15:00,38.875,-90.125,1.0,True,1.0,True,True,408.125,296.572509765625,291.121826171875,260.089599609375,28.623423572525883,32.41839469968285,58.5,12,12,1,0
active_20240508,primary,45,2024-05-08 21:00:00,2024-05-08 21:45:00,2024-05-08 22:15:00,38.625,-91.875,1.0,True,0.9333333333333333,True,True,2494.0,294.511962890625,291.539794921875,260.042724609375,21.65578555702531,29.61404903867395,48.5,10,7,1,0
active_20240508,primary,45,2024-05-08 21:00:00,2024-05-08 21:45:00,2024-05-08 22:15:00,38.625,-91.625,1.0,True,1.0,True,True,2246.375,294.592041015625,291.223388671875,259.890380859375,21.60902577173266,30.248818844749124,55.0,14,8,0,0
active_20240508,primary,45,2024-05-08 21:00:00,2024-05-08 21:45:00,2024-05-08 22:15:00,38.625,-91.375,1.0,True,1.0,True,True,2167.625,294.672119140625,291.178466796875,259.883544921875,22.108849301529055,30.43653003642404,55.0,0,0,0,0
active_20240508,primary,45,2024-05-08 21:00:00,2024-05-08 21:45:00,2024-05-08 22:15:00,38.625,-91.125,1.0,True,1.0,True,True,1913.125,295.511962890625,291.660888671875,259.996826171875,22.916037824577394,30.17301402107816,56.5,15,15,1,0
active_20240508,primary,45,2024-05-08 21:00:00,2024-05-08 21:45:00,2024-05-08 22:15:00,38.625,-90.875,1.0,True,1.0,True,True,1689.875,295.650634765625,292.000732421875,260.162841796875,24.012481915646873,29.695718668996918,63.5,15,15,1,0
active_20240508,primary,45,2024-05-08 21:00:00,2024-05-08 21:45:00,2024-05-08 22:15:00,38.625,-90.625,1.0,True,1.0,True,True,1388.25,295.750244140625,292.123779296875,260.340576171875,25.33245614902456,29.329037560517374,57.0,15,9,1,0
active_20240508,primary,45,2024-05-08 21:00:00,2024-05-08 21:45:00,2024-05-08 22:15:00,38.625,-90.375,1.0,True,1.0,True,True,1166.5,296.185791015625,291.776123046875,260.497802734375,26.48268698656966,29.251927663127944,50.0,5,0,1,0
active_20240508,primary,45,2024-05-08 21:00:00,2024-05-08 21:45:00,2024-05-08 22:15:00,38.625,-88.625,1.0,True,1.0,True,True,950.5,297.250244140625,291.526123046875,260.440185546875,26.448839377879175,35.158605188403506,37.5,1,0,0,0
active_20240508,primary,45,2024-05-08 21:00:00,2024-05-08 21:45:00,2024-05-08 22:15:00,38.375,-91.875,1.0,True,1.0,True,True,2360.5,295.802978515625,291.772216796875,260.006591796875,18.087802528824426,26.716479964448737,51.0,7,7,0,0
active_20240508,primary,45,2024-05-08 21:00:00,2024-05-08 21:45:00,2024-05-08 22:15:00,38.375,-91.625,1.0,True,1.0,True,True,2372.5,295.687744140625,291.471435546875,259.997802734375,19.230146143104935,27.357900204335255,40.0,0,0,1,0
active_20240508,primary,45,2024-05-08 21:00:00,2024-05-08 21:45:00,2024-05-08 22:15:00,38.375,-91.375,1.0,True,1.0,True,True,2293.375,295.769775390625,291.426513671875,260.064208984375,20.645823237814206,27.26391953416745,45.0,0,0,0,0
active_20240508,primary,45,2024-05-08 21:00:00,2024-05-08 21:45:00,2024-05-08 22:15:00,38.375,-91.125,1.0,True,1.0,True,True,2255.375,295.623291015625,291.506591796875,260.176513671875,22.36366322555574,27.25356031195458,50.5,4,0,1,0
active_20240508,primary,45,2024-05-08 21:00:00,2024-05-08 21:45:00,2024-05-08 22:15:00,38.375,-90.875,1.0,True,1.0,True,True,2173.5,295.636962890625,291.768310546875,260.375732421875,24.216553456791143,27.41323297163807,56.0,12,9,1,0
active_20240508,primary,45,2024-05-08 21:00:00,2024-05-08 21:45:00,2024-05-08 22:15:00,38.375,-88.875,1.0,True,0.8,True,True,1314.125,296.494384765625,291.789794921875,260.698974609375,24.608384558732308,33.088665547188704,35.5,0,0,0,0
active_20240508,primary,45,2024-05-08 21:00:00,2024-05-08 21:45:00,2024-05-08 22:15:00,38.375,-88.625,1.0,True,1.0,True,True,1315.0,296.578369140625,291.842529296875,260.813232421875,24.27800202465058,33.01144716947724,36.5,0,0,0,0
active_20240508,primary,45,2024-05-08 21:00:00,2024-05-08 21:45:00,2024-05-08 22:15:00,38.125,-91.875,1.0,True,1.0,True,True,2204.0,295.685791015625,291.596435546875,260.459716796875,16.938152040296256,24.02968335886356,60.0,15,15,0,0
active_20240508,primary,45,2024-05-08 21:00:00,2024-05-08 21:45:00,2024-05-08 22:15:00,38.125,-91.625,1.0,True,1.0,True,True,2304.75,295.510009765625,291.297607421875,260.572021484375,18.689461755032998,24.051377863051126,59.5,15,15,1,0
active_20240508,primary,45,2024-05-08 21:00:00,2024-05-08 21:45:00,2024-05-08 22:15:00,38.125,-91.375,1.0,True,1.0,True,True,2282.25,295.271728515625,291.176513671875,260.551513671875,20.36859190988017,23.668722732014963,63.5,15,15,1,0
active_20240508,primary,45,2024-05-08 21:00:00,2024-05-08 21:45:00,2024-05-08 22:15:00,38.125,-91.125,1.0,True,1.0,True,True,2210.375,295.064697265625,291.262451171875,260.484130859375,22.289916120129543,24.16233247144285,58.5,10,7,1,0
active_20240508,primary,45,2024-05-08 21:00:00,2024-05-08 21:45:00,2024-05-08 22:15:00,38.125,-90.875,1.0,True,1.0,True,True,2149.5,295.129150390625,291.479248046875,260.619873046875,24.53012718986043,25.273811634545,44.5,1,0,1,0
active_20240508,primary,45,2024-05-08 21:00:00,2024-05-08 21:45:00,2024-05-08 22:15:00,38.125,-88.875,1.0,True,0.8666666666666667,True,True,1421.75,296.150634765625,292.108154296875,261.059326171875,22.709785017534983,31.086042328597202,45.5,11,7,0,0
active_20240508,primary,45,2024-05-08 21:00:00,2024-05-08 21:45:00,2024-05-08 22:15:00,38.125,-88.625,1.0,True,1.0,True,True,1395.75,296.113525390625,292.041748046875,261.155029296875,22.31417351547536,30.818201958659344,46.0,9,6,0,0
active_20240508,primary,45,2024-05-08 21:00:00,2024-05-08 21:45:00,2024-05-08 22:15:00,37.875,-91.875,1.0,True,1.0,True,True,2283.0,294.978759765625,291.526123046875,261.250732421875,18.283164052964295,23.248218887119066,65.0,15,12,0,0
active_20240508,primary,45,2024-05-08 21:00:00,2024-05-08 21:45:00,2024-05-08 22:15:00,37.875,-91.625,1.0,True,1.0,True,True,2273.25,294.295166015625,291.028076171875,261.309326171875,19.448087338739292,22.64371605531732,69.0,15,15,1,0
active_20240508,primary,45,2024-05-08 21:00:00,2024-05-08 21:45:00,2024-05-08 22:15:00,37.875,-91.375,1.0,True,1.0,True,True,2253.0,294.056884765625,290.885498046875,261.130615234375,20.71821609950646,22.33202320537327,61.5,10,10,1,0
active_20240508,primary,45,2024-05-08 21:00:00,2024-05-08 21:45:00,2024-05-08 22:15:00,37.875,-91.125,0.8,True,1.0,True,True,2189.625,294.000244140625,290.955810546875,260.862060546875,22.232018746035784,23.099690024857306,56.5,4,3,1,0
active_20240508,primary,45,2024-05-08 21:00:00,2024-05-08 21:45:00,2024-05-08 22:15:00,37.875,-88.625,1.0,True,1.0,True,True,1254.125,295.970947265625,292.322998046875,261.416748046875,21.029588392825595,29.052302664338157,62.0,15,15,1,0
active_20240508,primary,45,2024-05-08 21:00:00,2024-05-08 21:45:00,2024-05-08 22:15:00,37.625,-91.875,1.0,True,1.0,True,True,2373.875,293.517822265625,291.240966796875,261.859130859375,19.98657504658175,24.558818977323796,61.5,15,15,1,0
active_20240508,primary,45,2024-05-08 21:00:00,2024-05-08 21:45:00,2024-05-08 22:15:00,37.625,-91.625,1.0,True,1.0,True,True,2352.75,292.767822265625,290.729248046875,261.745849609375,20.43560423503895,23.955758171958884,58.0,15,12,1,0
active_20240508,primary,45,2024-05-08 21:00:00,2024-05-08 21:45:00,2024-05-08 22:15:00,37.625,-91.375,1.0,True,1.0,True,True,2250.75,292.429931640625,290.500732421875,261.571044921875,21.41639169346712,23.660986723866667,58.0,7,6,1,0
active_20240508,primary,45,2024-05-08 21:00:00,2024-05-08 21:45:00,2024-05-08 22:15:00,37.625,-88.875,1.0,True,1.0,True,True,1118.125,295.718994140625,292.416748046875,261.704833984375,21.231473863514147,27.945064040049772,58.5,15,15,1,0
active_20240508,primary,45,2024-05-08 21:00:00,2024-05-08 21:45:00,2024-05-08 22:15:00,37.625,-88.625,1.0,True,1.0,True,True,1145.25,295.683837890625,292.610107421875,261.637451171875,20.47374554893502,27.495648022235468,65.5,15,15,1,0
active_20240526,primary,30,2024-05-26 22:00:00,2024-05-26 22:30:00,2024-05-26 23:00:00,39.625,-90.125,0.8666666666666667,True,1.0,True,True,1122.25,300.10546875,291.9801025390625,260.508056640625,20.69313623011893,25.938609461483217,22.5,0,0,0,0
active_20240526,primary,30,2024-05-26 22:00:00,2024-05-26 22:30:00,2024-05-26 23:00:00,39.375,-90.625,1.0,True,1.0,True,True,878.5,299.541015625,292.0406494140625,260.239501953125,21.480758661307114,23.546949546001198,40.5,0,0,0,0
active_20240526,primary,30,2024-05-26 22:00:00,2024-05-26 22:30:00,2024-05-26 23:00:00,39.375,-90.375,1.0,True,1.0,True,True,975.75,298.96484375,292.3336181640625,260.548095703125,20.720725175819023,23.032875007640147,49.5,9,3,0,0
active_20240526,primary,30,2024-05-26 22:00:00,2024-05-26 22:30:00,2024-05-26 23:00:00,39.375,-90.125,1.0,True,1.0,True,True,1186.75,298.46484375,292.8082275390625,260.957275390625,19.289510678171297,22.217572194467316,40.5,0,0,0,0
active_20240526,primary,30,2024-05-26 22:00:00,2024-05-26 22:30:00,2024-05-26 23:00:00,39.375,-89.875,1.0,True,1.0,True,True,1208.75,297.34375,293.2047119140625,261.263916015625,17.857293120784437,22.038713085347272,56.5,7,0,1,0
active_20240526,primary,30,2024-05-26 22:00:00,2024-05-26 22:30:00,2024-05-26 23:00:00,39.375,-89.625,1.0,True,1.0,True,True,1330.125,296.517578125,293.0367431640625,261.405517578125,17.507445752955242,22.762665974598793,55.0,5,2,1,0
active_20240526,primary,30,2024-05-26 22:00:00,2024-05-26 22:30:00,2024-05-26 23:00:00,39.375,-89.375,0.9333333333333333,True,1.0,True,True,1435.25,296.12890625,292.5640869140625,261.533447265625,17.99515597959848,22.974136520249303,54.5,4,3,1,0
active_20240526,primary,30,2024-05-26 22:00:00,2024-05-26 22:30:00,2024-05-26 23:00:00,39.375,-89.125,1.0,True,1.0,True,True,1362.375,297.18359375,292.3062744140625,261.638916015625,18.512971041300702,22.025616622295846,57.5,14,14,0,0
active_20240526,primary,30,2024-05-26 22:00:00,2024-05-26 22:30:00,2024-05-26 23:00:00,39.125,-91.125,1.0,True,1.0,True,True,961.125,298.310546875,292.5914306640625,261.298095703125,26.291167810392235,21.668354909235294,57.0,10,8,0,0
active_20240526,primary,30,2024-05-26 22:00:00,2024-05-26 22:30:00,2024-05-26 23:00:00,39.125,-90.875,1.0,True,1.0,True,True,911.375,297.275390625,293.4351806640625,260.953369140625,23.615995219036154,19.516328879947892,58.5,14,11,0,0
active_20240526,primary,30,2024-05-26 22:00:00,2024-05-26 22:30:00,2024-05-26 23:00:00,39.125,-90.625,1.0,True,1.0,True,True,924.0,296.796875,292.9703369140625,260.956298828125,21.090889612896436,18.053996146815837,61.5,15,12,1,0
active_20240526,primary,30,2024-05-26 22:00:00,2024-05-26 22:30:00,2024-05-26 23:00:00,39.125,-90.375,1.0,True,1.0,True,True,1026.25,296.408203125,292.8258056640625,261.280517578125,19.055881688534004,16.53670963393803,59.5,15,15,1,0
active_20240526,primary,30,2024-05-26 22:00:00,2024-05-26 22:30:00,2024-05-26 23:00:00,39.125,-90.125,1.0,True,1.0,True,True,1237.125,296.412109375,292.7457275390625,261.659423828125,17.245953146187468,15.63473926289699,58.5,9,7,1,0
active_20240526,primary,30,2024-05-26 22:00:00,2024-05-26 22:30:00,2024-05-26 23:00:00,39.125,-89.875,1.0,True,1.0,True,True,1436.125,296.115234375,292.6715087890625,261.965087890625,16.39383596839226,17.039265496373716,62.5,15,14,1,0
active_20240526,primary,30,2024-05-26 22:00:00,2024-05-26 22:30:00,2024-05-26 23:00:00,39.125,-89.625,1.0,True,1.0,True,True,1664.625,295.728515625,292.6383056640625,262.179931640625,16.76833449475676,19.85441478044368,58.0,9,7,1,0
active_20240526,primary,30,2024-05-26 22:00:00,2024-05-26 22:30:00,2024-05-26 23:00:00,39.125,-89.375,1.0,True,1.0,True,True,1982.375,296.107421875,292.6871337890625,262.367431640625,17.867967741697143,21.196996726734515,43.5,0,0,0,0
active_20240526,primary,30,2024-05-26 22:00:00,2024-05-26 22:30:00,2024-05-26 23:00:00,38.875,-91.625,1.0,True,1.0,True,True,1267.75,298.8203125,292.6949462890625,262.011962890625,28.054710138867367,23.716846899898954,28.0,0,0,0,0
active_20240526,primary,30,2024-05-26 22:00:00,2024-05-26 22:30:00,2024-05-26 23:00:00,38.875,-91.375,1.0,True,1.0,True,True,1168.5,297.962890625,293.3101806640625,262.123291015625,27.926799699904183,20.583288406721945,56.5,5,4,0,0
active_20240526,primary,30,2024-05-26 22:00:00,2024-05-26 22:30:00,2024-05-26 23:00:00,38.875,-91.125,1.0,True,1.0,True,True,893.25,297.13671875,293.2691650390625,261.859619140625,26.765402650229685,17.979667852987326,59.5,15,15,1,0
active_20240526,primary,30,2024-05-26 22:00:00,2024-05-26 22:30:00,2024-05-26 23:00:00,38.875,-90.875,1.0,True,1.0,True,True,859.5,296.361328125,293.3804931640625,261.430908203125,24.068874044146362,15.728624677762607,57.5,7,4,1,0
active_20240526,primary,30,2024-05-26 22:00:00,2024-05-26 22:30:00,2024-05-26 23:00:00,38.875,-90.625,1.0,True,1.0,True,True,895.75,295.943359375,293.1402587890625,261.290283203125,20.898948687870195,13.27949668315189,67.0,15,15,1,0
active_20240526,primary,30,2024-05-26 22:00:00,2024-05-26 22:30:00,2024-05-26 23:00:00,38.875,-90.375,1.0,True,1.0,True,True,1030.75,295.70703125,292.8941650390625,261.590087890625,18.474296729804497,11.23072263490798,66.5,15,15,1,0
active_20240526,primary,30,2024-05-26 22:00:00,2024-05-26 22:30:00,2024-05-26 23:00:00,38.875,-90.125,1.0,True,1.0,True,True,1242.125,295.53125,292.7066650390625,262.073486328125,17.184028100236482,11.618910550857253,61.0,11,9,1,0
active_20240526,primary,30,2024-05-26 22:00:00,2024-05-26 22:30:00,2024-05-26 23:00:00,38.875,-89.875,1.0,True,1.0,True,True,1607.375,295.51953125,292.7105712890625,262.466064453125,16.758410952737115,15.442229270548667,49.0,2,0,1,0
active_20240526,primary,30,2024-05-26 22:00:00,2024-05-26 22:30:00,2024-05-26 23:00:00,38.875,-89.625,1.0,True,1.0,True,True,2209.75,295.70703125,292.7633056640625,262.672119140625,16.585909180497957,20.181390982163876,29.0,0,0,0,0
active_20240526,primary,30,2024-05-26 22:00:00,2024-05-26 22:30:00,2024-05-26 23:00:00,38.625,-91.875,1.0,True,1.0,True,True,2508.0,297.853515625,293.6929931640625,261.770751953125,27.959836568113115,24.36210218831782,42.0,0,0,0,0
active_20240526,primary,30,2024-05-26 22:00:00,2024-05-26 22:30:00,2024-05-26 23:00:00,38.625,-91.625,1.0,True,1.0,True,True,1618.375,297.32421875,293.6929931640625,261.936767578125,26.057436649389174,20.105290771074696,47.0,12,0,0,0
active_20240526,primary,30,2024-05-26 22:00:00,2024-05-26 22:30:00,2024-05-26 23:00:00,38.625,-91.375,1.0,True,1.0,True,True,1256.375,296.89453125,293.3394775390625,261.975830078125,24.98110559686668,16.55967412456188,60.0,15,15,1,0
active_20240526,primary,30,2024-05-26 22:00:00,2024-05-26 22:30:00,2024-05-26 23:00:00,38.625,-91.125,1.0,True,1.0,True,True,1071.875,296.189453125,293.1949462890625,261.775634765625,24.542569865683287,14.276214957934194,62.5,15,15,1,0
active_20240526,primary,30,2024-05-26 22:00:00,2024-05-26 22:30:00,2024-05-26 23:00:00,38.625,-90.875,1.0,True,1.0,True,True,1015.625,295.84765625,293.2379150390625,261.362548828125,23.06069418615456,12.204795456966822,68.5,15,15,1,0
active_20240526,primary,30,2024-05-26 22:00:00,2024-05-26 22:30:00,2024-05-26 23:00:00,38.625,-90.625,1.0,True,1.0,True,True,1234.625,295.91796875,293.1129150390625,261.166259765625,20.648327690858007,9.770721701745344,67.0,15,15,1,0
active_20240526,primary,30,2024-05-26 22:00:00,2024-05-26 22:30:00,2024-05-26 23:00:00,38.625,-90.375,1.0,True,1.0,True,True,1380.875,295.697265625,292.8687744140625,261.480712890625,18.907635364237848,9.091323856751941,60.0,15,15,1,0
active_20240526,primary,30,2024-05-26 22:00:00,2024-05-26 22:30:00,2024-05-26 23:00:00,38.625,-90.125,1.0,True,1.0,True,True,1568.625,295.427734375,292.8472900390625,262.071533203125,18.199405180911043,11.640097113395159,61.5,6,6,1,1
active_20240526,primary,30,2024-05-26 22:00:00,2024-05-26 22:30:00,2024-05-26 23:00:00,38.625,-89.875,1.0,True,1.0,True,True,2040.125,295.96875,293.0308837890625,262.559814453125,17.420471640054213,16.600642967409474,31.5,0,0,1,0
active_20240526,primary,30,2024-05-26 22:00:00,2024-05-26 22:30:00,2024-05-26 23:00:00,38.625,-89.625,0.8,True,1.0,True,True,2652.875,296.16015625,293.0758056640625,262.745361328125,16.09572525367748,21.671870272248874,23.0,0,0,0,0
active_20240526,primary,30,2024-05-26 22:00:00,2024-05-26 22:30:00,2024-05-26 23:00:00,38.375,-91.875,1.0,True,1.0,True,True,1865.125,296.513671875,293.0347900390625,261.661376953125,25.6283409398326,20.52210997877693,56.5,15,15,0,0
active_20240526,primary,30,2024-05-26 22:00:00,2024-05-26 22:30:00,2024-05-26 23:00:00,38.375,-91.625,1.0,True,1.0,True,True,1520.125,296.13671875,292.9879150390625,261.631103515625,23.145151373446527,15.968698290685296,61.5,15,15,1,0
active_20240526,primary,30,2024-05-26 22:00:00,2024-05-26 22:30:00,2024-05-26 23:00:00,38.375,-91.375,1.0,True,1.0,True,True,1156.875,295.705078125,292.6324462890625,261.556884765625,21.964985823862932,12.142173955581308,58.5,15,15,1,0
active_20240526,primary,30,2024-05-26 22:00:00,2024-05-26 22:30:00,2024-05-26 23:00:00,38.375,-91.125,1.0,True,1.0,True,True,1185.0,295.486328125,292.9371337890625,261.369384765625,21.65058524741595,9.377605060523875,63.0,15,15,1,0
active_20240526,primary,30,2024-05-26 22:00:00,2024-05-26 22:30:00,2024-05-26 23:00:00,38.375,-90.875,1.0,True,1.0,True,True,1144.875,295.357421875,293.1793212890625,261.136962890625,20.66968976263289,6.994554513432474,63.5,15,10,1,0
active_20240526,primary,30,2024-05-26 22:00:00,2024-05-26 22:30:00,2024-05-26 23:00:00,38.375,-90.625,1.0,True,1.0,True,True,1388.625,295.47265625,293.0855712890625,261.183837890625,19.265677705419645,5.860557548916807,59.0,5,3,1,1
active_20240526,primary,30,2024-05-26 22:00:00,2024-05-26 22:30:00,2024-05-26 23:00:00,38.375,-90.375,0.9333333333333333,True,1.0,True,True,1885.0,296.078125,293.2398681640625,261.608642578125,18.608278191467488,8.358031227411388,36.0,0,0,1,0
active_20240526,primary,30,2024-05-26 22:00:00,2024-05-26 22:30:00,2024-05-26 23:00:00,38.125,-91.875,1.0,True,1.0,True,True,1180.625,295.23046875,292.0426025390625,261.361572265625,23.76807867837017,15.561172878867042,55.0,15,15,1,0
active_20240526,primary,30,2024-05-26 22:00:00,2024-05-26 22:30:00,2024-05-26 23:00:00,38.125,-91.625,1.0,True,1.0,True,True,1130.375,294.955078125,292.0679931640625,261.326416015625,21.229638053852323,11.255499888920196,54.0,9,7,1,0
active_20240526,primary,30,2024-05-26 22:00:00,2024-05-26 22:30:00,2024-05-26 23:00:00,38.125,-91.375,1.0,True,1.0,True,True,1098.25,294.80078125,292.4156494140625,261.233642578125,19.856240907330932,8.118741952420294,47.0,2,1,1,0
active_20240526,primary,30,2024-05-26 22:00:00,2024-05-26 22:30:00,2024-05-26 23:00:00,38.125,-91.125,1.0,True,1.0,True,True,1139.0,294.861328125,292.6578369140625,261.149658203125,19.3255123375746,5.546736336917498,24.0,0,0,1,0
active_20240526,primary,30,2024-05-26 22:00:00,2024-05-26 22:30:00,2024-05-26 23:00:00,37.875,-91.875,1.0,True,1.0,True,True,1324.375,294.291015625,291.9508056640625,261.125244140625,19.670555923923658,12.408955005384549,61.5,6,5,1,1
active_20240526,primary,30,2024-05-26 22:00:00,2024-05-26 22:30:00,2024-05-26 23:00:00,37.875,-91.625,1.0,True,1.0,True,True,1205.625,294.220703125,292.2066650390625,261.133056640625,17.914978834577596,9.461084482952492,26.5,0,0,1,1
active_20240526,primary,30,2024-05-26 22:00:00,2024-05-26 22:30:00,2024-05-26 23:00:00,37.875,-91.375,0.8666666666666667,True,1.0,True,True,1152.625,294.28515625,292.4801025390625,261.195556640625,17.687666638321463,7.247068161913336,22.5,0,0,0,0
active_20240526,primary,30,2024-05-26 22:00:00,2024-05-26 22:30:00,2024-05-26 23:00:00,37.625,-91.625,1.0,True,1.0,True,True,1515.0,294.2421875,292.5172119140625,261.771728515625,17.162022978314585,10.03736704314032,24.0,0,0,0,0
active_20240526,primary,30,2024-05-26 22:00:00,2024-05-26 22:30:00,2024-05-26 23:00:00,37.625,-91.375,0.9333333333333333,True,1.0,True,True,1884.375,294.6484375,293.1148681640625,262.004150390625,17.87101713122427,6.8473348114030825,21.5,0,0,1,0
active_20240526,primary,45,2024-05-26 22:00:00,2024-05-26 22:45:00,2024-05-26 23:15:00,39.625,-90.125,1.0,True,1.0,True,True,1122.25,300.10546875,291.9801025390625,260.508056640625,20.69313623011893,25.938609461483217,36.0,0,0,0,0
active_20240526,primary,45,2024-05-26 22:00:00,2024-05-26 22:45:00,2024-05-26 23:15:00,39.625,-89.875,1.0,True,1.0,True,True,1053.5,299.537109375,292.1715087890625,260.797119140625,19.841904020146888,25.647228492548372,26.0,0,0,0,0
active_20240526,primary,45,2024-05-26 22:00:00,2024-05-26 22:45:00,2024-05-26 23:15:00,39.625,-89.625,1.0,True,1.0,True,True,1130.25,298.66015625,292.4742431640625,260.897705078125,18.890336632105214,25.490976156995206,25.0,0,0,1,0
active_20240526,primary,45,2024-05-26 22:00:00,2024-05-26 22:45:00,2024-05-26 23:15:00,39.625,-89.375,0.8666666666666667,True,1.0,True,True,1174.75,297.818359375,292.7164306640625,261.021728515625,18.15160570364036,24.824537183685486,23.5,0,0,0,0
active_20240526,primary,45,2024-05-26 22:00:00,2024-05-26 22:45:00,2024-05-26 23:15:00,39.375,-90.625,1.0,True,1.0,True,True,878.5,299.541015625,292.0406494140625,260.239501953125,21.480758661307114,23.546949546001198,32.0,0,0,0,0
active_20240526,primary,45,2024-05-26 22:00:00,2024-05-26 22:45:00,2024-05-26 23:15:00,39.375,-90.375,1.0,True,1.0,True,True,975.75,298.96484375,292.3336181640625,260.548095703125,20.720725175819023,23.032875007640147,43.0,4,0,0,0
active_20240526,primary,45,2024-05-26 22:00:00,2024-05-26 22:45:00,2024-05-26 23:15:00,39.375,-90.125,1.0,True,1.0,True,True,1186.75,298.46484375,292.8082275390625,260.957275390625,19.289510678171297,22.217572194467316,40.5,1,0,0,0
active_20240526,primary,45,2024-05-26 22:00:00,2024-05-26 22:45:00,2024-05-26 23:15:00,39.375,-89.875,1.0,True,1.0,True,True,1208.75,297.34375,293.2047119140625,261.263916015625,17.857293120784437,22.038713085347272,56.5,9,0,1,0
active_20240526,primary,45,2024-05-26 22:00:00,2024-05-26 22:45:00,2024-05-26 23:15:00,39.375,-89.625,1.0,True,1.0,True,True,1330.125,296.517578125,293.0367431640625,261.405517578125,17.507445752955242,22.762665974598793,57.5,13,10,0,0
active_20240526,primary,45,2024-05-26 22:00:00,2024-05-26 22:45:00,2024-05-26 23:15:00,39.375,-89.375,1.0,True,1.0,True,True,1435.25,296.12890625,292.5640869140625,261.533447265625,17.99515597959848,22.974136520249303,49.0,4,0,1,0
active_20240526,primary,45,2024-05-26 22:00:00,2024-05-26 22:45:00,2024-05-26 23:15:00,39.375,-89.125,1.0,True,1.0,True,True,1362.375,297.18359375,292.3062744140625,261.638916015625,18.512971041300702,22.025616622295846,57.0,9,7,0,0
active_20240526,primary,45,2024-05-26 22:00:00,2024-05-26 22:45:00,2024-05-26 23:15:00,39.375,-88.875,0.8666666666666667,True,1.0,True,True,1263.875,298.189453125,292.3082275390625,261.442626953125,18.390268877080878,20.852426233106073,56.0,12,12,1,0
active_20240526,primary,45,2024-05-26 22:00:00,2024-05-26 22:45:00,2024-05-26 23:15:00,39.125,-91.375,1.0,True,1.0,True,True,882.125,299.189453125,291.6207275390625,261.555908203125,27.49489868197824,24.68099317032938,25.5,0,0,0,0
active_20240526,primary,45,2024-05-26 22:00:00,2024-05-26 22:45:00,2024-05-26 23:15:00,39.125,-91.125,1.0,True,1.0,True,True,961.125,298.310546875,292.5914306640625,261.298095703125,26.291167810392235,21.668354909235294,49.0,2,0,0,0
active_20240526,primary,45,2024-05-26 22:00:00,2024-05-26 22:45:00,2024-05-26 23:15:00,39.125,-90.875,1.0,True,1.0,True,True,911.375,297.275390625,293.4351806640625,260.953369140625,23.615995219036154,19.516328879947892,58.5,9,8,0,0
active_20240526,primary,45,2024-05-26 22:00:00,2024-05-26 22:45:00,2024-05-26 23:15:00,39.125,-90.625,1.0,True,1.0,True,True,924.0,296.796875,292.9703369140625,260.956298828125,21.090889612896436,18.053996146815837,59.0,15,15,1,0
active_20240526,primary,45,2024-05-26 22:00:00,2024-05-26 22:45:00,2024-05-26 23:15:00,39.125,-90.375,1.0,True,1.0,True,True,1026.25,296.408203125,292.8258056640625,261.280517578125,19.055881688534004,16.53670963393803,58.5,15,15,1,0
active_20240526,primary,45,2024-05-26 22:00:00,2024-05-26 22:45:00,2024-05-26 23:15:00,39.125,-90.125,1.0,True,1.0,True,True,1237.125,296.412109375,292.7457275390625,261.659423828125,17.245953146187468,15.63473926289699,54.5,13,12,1,0
active_20240526,primary,45,2024-05-26 22:00:00,2024-05-26 22:45:00,2024-05-26 23:15:00,39.125,-89.875,1.0,True,1.0,True,True,1436.125,296.115234375,292.6715087890625,261.965087890625,16.39383596839226,17.039265496373716,61.5,8,7,1,0
active_20240526,primary,45,2024-05-26 22:00:00,2024-05-26 22:45:00,2024-05-26 23:15:00,39.125,-89.625,1.0,True,1.0,True,True,1664.625,295.728515625,292.6383056640625,262.179931640625,16.76833449475676,19.85441478044368,58.5,11,11,1,0
active_20240526,primary,45,2024-05-26 22:00:00,2024-05-26 22:45:00,2024-05-26 23:15:00,39.125,-89.375,1.0,True,1.0,True,True,1982.375,296.107421875,292.6871337890625,262.367431640625,17.867967741697143,21.196996726734515,43.5,0,0,0,0
active_20240526,primary,45,2024-05-26 22:00:00,2024-05-26 22:45:00,2024-05-26 23:15:00,38.875,-91.625,1.0,True,1.0,True,True,1267.75,298.8203125,292.6949462890625,262.011962890625,28.054710138867367,23.716846899898954,28.5,0,0,0,0
active_20240526,primary,45,2024-05-26 22:00:00,2024-05-26 22:45:00,2024-05-26 23:15:00,38.875,-91.375,1.0,True,1.0,True,True,1168.5,297.962890625,293.3101806640625,262.123291015625,27.926799699904183,20.583288406721945,36.0,0,0,0,0
active_20240526,primary,45,2024-05-26 22:00:00,2024-05-26 22:45:00,2024-05-26 23:15:00,38.875,-91.125,1.0,True,1.0,True,True,893.25,297.13671875,293.2691650390625,261.859619140625,26.765402650229685,17.979667852987326,59.5,14,9,1,0
active_20240526,primary,45,2024-05-26 22:00:00,2024-05-26 22:45:00,2024-05-26 23:15:00,38.875,-90.875,1.0,True,1.0,True,True,859.5,296.361328125,293.3804931640625,261.430908203125,24.068874044146362,15.728624677762607,64.0,14,12,1,0
active_20240526,primary,45,2024-05-26 22:00:00,2024-05-26 22:45:00,2024-05-26 23:15:00,38.875,-90.625,1.0,True,1.0,True,True,895.75,295.943359375,293.1402587890625,261.290283203125,20.898948687870195,13.27949668315189,56.5,15,13,1,0
active_20240526,primary,45,2024-05-26 22:00:00,2024-05-26 22:45:00,2024-05-26 23:15:00,38.875,-90.375,1.0,True,1.0,True,True,1030.75,295.70703125,292.8941650390625,261.590087890625,18.474296729804497,11.23072263490798,66.0,15,15,1,0
active_20240526,primary,45,2024-05-26 22:00:00,2024-05-26 22:45:00,2024-05-26 23:15:00,38.875,-90.125,1.0,True,1.0,True,True,1242.125,295.53125,292.7066650390625,262.073486328125,17.184028100236482,11.618910550857253,63.5,15,15,1,0
active_20240526,primary,45,2024-05-26 22:00:00,2024-05-26 22:45:00,2024-05-26 23:15:00,38.875,-89.875,1.0,True,1.0,True,True,1607.375,295.51953125,292.7105712890625,262.466064453125,16.758410952737115,15.442229270548667,61.5,6,4,1,0
active_20240526,primary,45,2024-05-26 22:00:00,2024-05-26 22:45:00,2024-05-26 23:15:00,38.875,-89.625,1.0,True,1.0,True,True,2209.75,295.70703125,292.7633056640625,262.672119140625,16.585909180497957,20.181390982163876,33.5,0,0,1,0
active_20240526,primary,45,2024-05-26 22:00:00,2024-05-26 22:45:00,2024-05-26 23:15:00,38.875,-89.375,1.0,True,1.0,True,True,2655.0,296.091796875,292.8160400390625,262.754150390625,16.955087446749168,22.091178024077205,22.5,0,0,0,0
active_20240526,primary,45,2024-05-26 22:00:00,2024-05-26 22:45:00,2024-05-26 23:15:00,38.625,-91.875,1.0,True,1.0,True,True,2508.0,297.853515625,293.6929931640625,261.770751953125,27.959836568113115,24.36210218831782,30.0,0,0,0,0
active_20240526,primary,45,2024-05-26 22:00:00,2024-05-26 22:45:00,2024-05-26 23:15:00,38.625,-91.625,1.0,True,1.0,True,True,1618.375,297.32421875,293.6929931640625,261.936767578125,26.057436649389174,20.105290771074696,45.0,4,0,0,0
active_20240526,primary,45,2024-05-26 22:00:00,2024-05-26 22:45:00,2024-05-26 23:15:00,38.625,-91.375,1.0,True,1.0,True,True,1256.375,296.89453125,293.3394775390625,261.975830078125,24.98110559686668,16.55967412456188,52.0,15,14,0,0
active_20240526,primary,45,2024-05-26 22:00:00,2024-05-26 22:45:00,2024-05-26 23:15:00,38.625,-91.125,1.0,True,1.0,True,True,1071.875,296.189453125,293.1949462890625,261.775634765625,24.542569865683287,14.276214957934194,62.5,15,15,1,0
active_20240526,primary,45,2024-05-26 22:00:00,2024-05-26 22:45:00,2024-05-26 23:15:00,38.625,-90.875,1.0,True,1.0,True,True,1015.625,295.84765625,293.2379150390625,261.362548828125,23.06069418615456,12.204795456966822,67.5,15,15,1,0
active_20240526,primary,45,2024-05-26 22:00:00,2024-05-26 22:45:00,2024-05-26 23:15:00,38.625,-90.625,1.0,True,1.0,True,True,1234.625,295.91796875,293.1129150390625,261.166259765625,20.648327690858007,9.770721701745344,71.0,15,15,1,0
active_20240526,primary,45,2024-05-26 22:00:00,2024-05-26 22:45:00,2024-05-26 23:15:00,38.625,-90.375,1.0,True,1.0,True,True,1380.875,295.697265625,292.8687744140625,261.480712890625,18.907635364237848,9.091323856751941,70.5,15,15,1,1
active_20240526,primary,45,2024-05-26 22:00:00,2024-05-26 22:45:00,2024-05-26 23:15:00,38.625,-90.125,1.0,True,1.0,True,True,1568.625,295.427734375,292.8472900390625,262.071533203125,18.199405180911043,11.640097113395159,64.5,14,14,1,1
active_20240526,primary,45,2024-05-26 22:00:00,2024-05-26 22:45:00,2024-05-26 23:15:00,38.625,-89.875,1.0,True,1.0,True,True,2040.125,295.96875,293.0308837890625,262.559814453125,17.420471640054213,16.600642967409474,64.5,6,4,1,0
active_20240526,primary,45,2024-05-26 22:00:00,2024-05-26 22:45:00,2024-05-26 23:15:00,38.625,-89.625,1.0,True,1.0,True,True,2652.875,296.16015625,293.0758056640625,262.745361328125,16.09572525367748,21.671870272248874,41.5,0,0,0,0
active_20240526,primary,45,2024-05-26 22:00:00,2024-05-26 22:45:00,2024-05-26 23:15:00,38.625,-89.375,0.8666666666666667,True,1.0,True,True,3423.625,296.400390625,292.9859619140625,262.668212890625,15.674673831382322,24.29937710409978,19.5,0,0,0,0
active_20240526,primary,45,2024-05-26 22:00:00,2024-05-26 22:45:00,2024-05-26 23:15:00,38.375,-91.875,1.0,True,1.0,True,True,1865.125,296.513671875,293.0347900390625,261.661376953125,25.6283409398326,20.52210997877693,54.0,9,8,0,0
active_20240526,primary,45,2024-05-26 22:00:00,2024-05-26 22:45:00,2024-05-26 23:15:00,38.375,-91.625,1.0,True,1.0,True,True,1520.125,296.13671875,292.9879150390625,261.631103515625,23.145151373446527,15.968698290685296,57.5,15,15,1,0
active_20240526,primary,45,2024-05-26 22:00:00,2024-05-26 22:45:00,2024-05-26 23:15:00,38.375,-91.375,1.0,True,1.0,True,True,1156.875,295.705078125,292.6324462890625,261.556884765625,21.964985823862932,12.142173955581308,59.0,15,15,1,0
active_20240526,primary,45,2024-05-26 22:00:00,2024-05-26 22:45:00,2024-05-26 23:15:00,38.375,-91.125,1.0,True,1.0,True,True,1185.0,295.486328125,292.9371337890625,261.369384765625,21.65058524741595,9.377605060523875,59.5,15,15,1,0
active_20240526,primary,45,2024-05-26 22:00:00,2024-05-26 22:45:00,2024-05-26 23:15:00,38.375,-90.875,1.0,True,1.0,True,True,1144.875,295.357421875,293.1793212890625,261.136962890625,20.66968976263289,6.994554513432474,62.0,15,15,1,0
active_20240526,primary,45,2024-05-26 22:00:00,2024-05-26 22:45:00,2024-05-26 23:15:00,38.375,-90.625,1.0,True,1.0,True,True,1388.625,295.47265625,293.0855712890625,261.183837890625,19.265677705419645,5.860557548916807,63.0,13,11,1,0
active_20240526,primary,45,2024-05-26 22:00:00,2024-05-26 22:45:00,2024-05-26 23:15:00,38.375,-90.375,1.0,True,1.0,True,True,1885.0,296.078125,293.2398681640625,261.608642578125,18.608278191467488,8.358031227411388,57.5,4,1,1,0
active_20240526,primary,45,2024-05-26 22:00:00,2024-05-26 22:45:00,2024-05-26 23:15:00,38.375,-90.125,1.0,True,1.0,True,True,2166.5,296.11328125,293.3140869140625,262.165283203125,18.348072743800113,13.2151947517002,33.5,0,0,1,0
active_20240526,primary,45,2024-05-26 22:00:00,2024-05-26 22:45:00,2024-05-26 23:15:00,38.375,-89.875,0.8,True,1.0,True,True,2654.125,296.6484375,293.4234619140625,262.632080078125,17.179634707063133,18.553367121308444,33.0,0,0,0,0
active_20240526,primary,45,2024-05-26 22:00:00,2024-05-26 22:45:00,2024-05-26 23:15:00,38.125,-91.875,1.0,True,1.0,True,True,1180.625,295.23046875,292.0426025390625,261.361572265625,23.76807867837017,15.561172878867042,55.5,15,15,1,0
active_20240526,primary,45,2024-05-26 22:00:00,2024-05-26 22:45:00,2024-05-26 23:15:00,38.125,-91.625,1.0,True,1.0,True,True,1130.375,294.955078125,292.0679931640625,261.326416015625,21.229638053852323,11.255499888920196,56.0,15,15,1,0
active_20240526,primary,45,2024-05-26 22:00:00,2024-05-26 22:45:00,2024-05-26 23:15:00,38.125,-91.375,1.0,True,1.0,True,True,1098.25,294.80078125,292.4156494140625,261.233642578125,19.856240907330932,8.118741952420294,57.5,10,9,1,0
active_20240526,primary,45,2024-05-26 22:00:00,2024-05-26 22:45:00,2024-05-26 23:15:00,38.125,-91.125,1.0,True,1.0,True,True,1139.0,294.861328125,292.6578369140625,261.149658203125,19.3255123375746,5.546736336917498,60.0,4,3,1,0
active_20240526,primary,45,2024-05-26 22:00:00,2024-05-26 22:45:00,2024-05-26 23:15:00,38.125,-90.875,1.0,True,1.0,True,True,1286.875,294.884765625,293.0894775390625,261.245361328125,18.669327258523943,3.2900654587772356,25.5,0,0,1,0
active_20240526,primary,45,2024-05-26 22:00:00,2024-05-26 22:45:00,2024-05-26 23:15:00,38.125,-90.625,0.9333333333333333,True,1.0,True,True,1794.5,295.357421875,293.3062744140625,261.617431640625,17.8702975124936,5.980134059074856,29.5,0,0,0,0
active_20240526,primary,45,2024-05-26 22:00:00,2024-05-26 22:45:00,2024-05-26 23:15:00,37.875,-91.875,1.0,True,1.0,True,True,1324.375,294.291015625,291.9508056640625,261.125244140625,19.670555923923658,12.408955005384549,65.0,14,13,1,1
active_20240526,primary,45,2024-05-26 22:00:00,2024-05-26 22:45:00,2024-05-26 23:15:00,37.875,-91.625,1.0,True,1.0,True,True,1205.625,294.220703125,292.2066650390625,261.133056640625,17.914978834577596,9.461084482952492,50.0,5,3,1,1
active_20240526,primary,45,2024-05-26 22:00:00,2024-05-26 22:45:00,2024-05-26 23:15:00,37.875,-91.375,1.0,True,1.0,True,True,1152.625,294.28515625,292.4801025390625,261.195556640625,17.687666638321463,7.247068161913336,25.0,0,0,1,0
active_20240526,primary,45,2024-05-26 22:00:00,2024-05-26 22:45:00,2024-05-26 23:15:00,37.875,-91.125,1.0,True,1.0,True,True,1337.375,294.580078125,292.7086181640625,261.458251953125,18.260151044189307,4.504032070649339,23.5,0,0,0,0
active_20240526,primary,45,2024-05-26 22:00:00,2024-05-26 22:45:00,2024-05-26 23:15:00,37.625,-91.625,1.0,True,1.0,True,True,1515.0,294.2421875,292.5172119140625,261.771728515625,17.162022978314585,10.03736704314032,45.0,0,0,0,0
active_20240526,primary,45,2024-05-26 22:00:00,2024-05-26 22:45:00,2024-05-26 23:15:00,37.625,-91.375,1.0,True,1.0,True,True,1884.375,294.6484375,293.1148681640625,262.004150390625,17.87101713122427,6.8473348114030825,50.5,1,1,1,0
active_20240526,primary,45,2024-05-26 22:00:00,2024-05-26 22:45:00,2024-05-26 23:15:00,37.625,-91.125,1.0,True,1.0,True,True,2283.375,294.939453125,293.5035400390625,262.408447265625,18.243052811796716,2.429830492222317,31.0,0,0,1,1
expand_active_20240210_07,expanded,30,2024-02-10 07:00:00,2024-02-10 07:30:00,2024-02-10 08:00:00,38.375,-88.625,1.0,True,0.9333333333333333,True,True,553.5,287.409423828125,285.81396484375,254.57395935058594,17.67420560116937,47.71083883605962,57.0,15,15,1,0
expand_active_20240210_07,expanded,30,2024-02-10 07:00:00,2024-02-10 07:30:00,2024-02-10 08:00:00,38.125,-88.625,1.0,True,1.0,True,True,615.875,288.237548828125,286.72216796875,254.64524841308594,17.821695455666998,49.06714397716647,58.0,9,7,1,0
expand_active_20240210_07,expanded,45,2024-02-10 07:00:00,2024-02-10 07:45:00,2024-02-10 08:15:00,38.125,-88.625,1.0,True,1.0,True,True,615.875,288.237548828125,286.72216796875,254.64524841308594,17.821695455666998,49.06714397716647,62.5,15,15,1,0
expand_active_20240502_21,expanded,30,2024-05-02 21:00:00,2024-05-02 21:30:00,2024-05-02 22:00:00,40.375,-91.875,1.0,True,1.0,True,True,917.25,294.4306640625,289.67431640625,259.73297119140625,9.652193797551593,15.262022353253826,45.0,15,15,0,0
expand_active_20240502_21,expanded,30,2024-05-02 21:00:00,2024-05-02 21:30:00,2024-05-02 22:00:00,40.375,-91.625,1.0,True,1.0,True,True,866.875,294.6826171875,289.74267578125,259.98297119140625,8.874873035964697,15.1054781338521,46.0,15,15,1,0
expand_active_20240502_21,expanded,30,2024-05-02 21:00:00,2024-05-02 21:30:00,2024-05-02 22:00:00,40.375,-91.375,1.0,True,1.0,True,True,779.5,295.1123046875,289.62548828125,260.11968994140625,8.049223825331877,14.544807273313504,44.0,15,12,1,0
expand_active_20240502_21,expanded,30,2024-05-02 21:00:00,2024-05-02 21:30:00,2024-05-02 22:00:00,40.375,-91.125,1.0,True,1.0,True,True,736.875,295.5654296875,289.50830078125,260.12164306640625,7.247880033543491,13.728319246210015,33.0,0,0,1,0
expand_active_20240502_21,expanded,30,2024-05-02 21:00:00,2024-05-02 21:30:00,2024-05-02 22:00:00,40.125,-91.875,1.0,True,1.0,True,True,1021.75,294.3603515625,289.97705078125,259.59039306640625,10.754589825187354,15.440919596311257,42.5,13,12,0,0
expand_active_20240502_21,expanded,30,2024-05-02 21:00:00,2024-05-02 21:30:00,2024-05-02 22:00:00,40.125,-91.625,1.0,True,1.0,True,True,886.75,294.6982421875,290.05712890625,259.90875244140625,9.238079396085578,14.798245474799911,47.5,15,15,1,0
expand_active_20240502_21,expanded,30,2024-05-02 21:00:00,2024-05-02 21:30:00,2024-05-02 22:00:00,40.125,-91.375,1.0,True,1.0,True,True,801.0,295.1455078125,289.94384765625,260.02008056640625,7.717820242593593,13.969802621053041,58.5,15,15,1,0
expand_active_20240502_21,expanded,30,2024-05-02 21:00:00,2024-05-02 21:30:00,2024-05-02 22:00:00,40.125,-91.125,1.0,True,1.0,True,True,732.375,295.9111328125,289.70556640625,259.94390869140625,6.584092439208387,13.479813221297999,61.0,10,6,1,0
expand_active_20240502_21,expanded,30,2024-05-02 21:00:00,2024-05-02 21:30:00,2024-05-02 22:00:00,39.875,-91.875,1.0,True,1.0,True,True,869.5,294.0517578125,290.52392578125,259.44000244140625,11.129317894794637,15.014611916117717,41.0,9,7,1,0
expand_active_20240502_21,expanded,30,2024-05-02 21:00:00,2024-05-02 21:30:00,2024-05-02 22:00:00,39.875,-91.625,1.0,True,1.0,True,True,788.25,294.7509765625,290.51416015625,259.78179931640625,8.782757897543746,13.567235155773833,46.5,15,15,1,0
expand_active_20240502_21,expanded,30,2024-05-02 21:00:00,2024-05-02 21:30:00,2024-05-02 22:00:00,39.875,-91.375,1.0,True,1.0,True,True,678.375,295.6728515625,290.35009765625,259.89703369140625,6.477520603509191,12.654778602823747,61.5,15,15,1,0
expand_active_20240502_21,expanded,30,2024-05-02 21:00:00,2024-05-02 21:30:00,2024-05-02 22:00:00,39.875,-91.125,1.0,True,1.0,True,True,561.125,296.5849609375,289.83251953125,259.80718994140625,5.188069920896057,12.968458940520964,64.5,15,15,1,0
expand_active_20240502_21,expanded,30,2024-05-02 21:00:00,2024-05-02 21:30:00,2024-05-02 22:00:00,39.625,-91.875,1.0,True,1.0,True,True,831.875,294.0185546875,290.86572265625,259.38824462890625,10.602320785057417,14.185962823234929,48.0,15,14,1,0
expand_active_20240502_21,expanded,30,2024-05-02 21:00:00,2024-05-02 21:30:00,2024-05-02 22:00:00,39.625,-91.625,1.0,True,1.0,True,True,728.625,295.0322265625,291.23486328125,259.68023681640625,7.67844177395873,11.99078483767751,54.0,12,8,1,0
expand_active_20240502_21,expanded,30,2024-05-02 21:00:00,2024-05-02 21:30:00,2024-05-02 22:00:00,39.625,-91.375,1.0,True,1.0,True,True,532.625,296.0771484375,290.54931640625,259.83746337890625,4.977236403832634,11.001061792653035,60.5,8,6,1,0
expand_active_20240502_21,expanded,30,2024-05-02 21:00:00,2024-05-02 21:30:00,2024-05-02 22:00:00,39.375,-91.875,1.0,True,1.0,True,True,972.75,293.6494140625,291.57861328125,259.38043212890625,9.550570925844797,13.34645486047992,55.5,15,15,1,0
expand_active_20240502_21,expanded,30,2024-05-02 21:00:00,2024-05-02 21:30:00,2024-05-02 22:00:00,39.375,-91.625,1.0,True,1.0,True,True,749.875,294.3642578125,291.71337890625,259.62164306640625,6.68585281024867,10.982438266063678,59.0,15,15,1,0
expand_active_20240502_21,expanded,30,2024-05-02 21:00:00,2024-05-02 21:30:00,2024-05-02 22:00:00,39.375,-91.375,1.0,True,1.0,True,True,497.875,295.7412109375,290.72705078125,259.84527587890625,4.442874702204166,9.970851106530965,63.5,15,15,1,0
expand_active_20240502_21,expanded,30,2024-05-02 21:00:00,2024-05-02 21:30:00,2024-05-02 22:00:00,39.125,-91.875,1.0,True,1.0,True,True,1297.625,293.1845703125,291.51025390625,259.33062744140625,8.372259353258046,12.415009344872253,60.0,15,15,1,0
expand_active_20240502_21,expanded,30,2024-05-02 21:00:00,2024-05-02 21:30:00,2024-05-02 22:00:00,39.125,-91.625,1.0,True,1.0,True,True,892.25,293.8896484375,291.31494140625,259.55035400390625,5.968751892076593,10.389485356231251,56.0,15,15,1,0
expand_active_20240502_21,expanded,30,2024-05-02 21:00:00,2024-05-02 21:30:00,2024-05-02 22:00:00,38.875,-91.875,1.0,True,1.0,True,True,1418.0,293.0830078125,291.98876953125,259.32965087890625,7.928693511531802,12.00349834544257,59.5,15,15,1,0
expand_active_20240502_21,expanded,30,2024-05-02 21:00:00,2024-05-02 21:30:00,2024-05-02 22:00:00,38.625,-91.875,1.0,True,1.0,True,True,1154.875,294.0986328125,292.07080078125,259.40777587890625,8.03923633540006,12.217524179833696,60.5,15,15,1,0
expand_active_20240502_21,expanded,30,2024-05-02 21:00:00,2024-05-02 21:30:00,2024-05-02 22:00:00,38.625,-90.125,0.8,True,1.0,True,True,12.625,301.8876953125,287.75634765625,260.17926025390625,3.3420916120570032,16.833711016253222,13.0,0,0,0,0
expand_active_20240502_21,expanded,30,2024-05-02 21:00:00,2024-05-02 21:30:00,2024-05-02 22:00:00,38.375,-91.875,0.8666666666666667,True,1.0,True,True,895.125,295.4130859375,291.08642578125,259.57769775390625,7.55346984258138,11.874312230967845,60.5,13,9,1,0
expand_active_20240502_21,expanded,30,2024-05-02 21:00:00,2024-05-02 21:30:00,2024-05-02 22:00:00,38.375,-90.875,1.0,True,1.0,True,True,304.25,299.9169921875,288.28955078125,259.63629150390625,6.172826514674549,11.808327980742567,19.0,0,0,0,0
expand_active_20240502_21,expanded,30,2024-05-02 21:00:00,2024-05-02 21:30:00,2024-05-02 22:00:00,38.375,-90.625,1.0,True,1.0,True,True,165.125,300.5341796875,287.95556640625,259.67340087890625,4.288552807687479,13.93301347029068,16.5,0,0,0,0
expand_active_20240502_21,expanded,30,2024-05-02 21:00:00,2024-05-02 21:30:00,2024-05-02 22:00:00,38.375,-90.375,1.0,True,1.0,True,True,66.625,301.0185546875,287.83251953125,259.88629150390625,3.571108063234594,15.489436278518507,15.5,0,0,0,0
expand_active_20240502_21,expanded,30,2024-05-02 21:00:00,2024-05-02 21:30:00,2024-05-02 22:00:00,38.125,-90.875,1.0,True,1.0,True,True,247.375,299.3857421875,288.33056640625,259.79840087890625,7.754489617073701,11.825865808856896,18.5,0,0,0,0
expand_active_20240502_21,expanded,45,2024-05-02 21:00:00,2024-05-02 21:45:00,2024-05-02 22:15:00,40.375,-91.875,1.0,True,1.0,True,True,917.25,294.4306640625,289.67431640625,259.73297119140625,9.652193797551593,15.262022353253826,44.5,11,8,0,0
expand_active_20240502_21,expanded,45,2024-05-02 21:00:00,2024-05-02 21:45:00,2024-05-02 22:15:00,40.375,-91.625,1.0,True,1.0,True,True,866.875,294.6826171875,289.74267578125,259.98297119140625,8.874873035964697,15.1054781338521,46.0,15,15,1,0
expand_active_20240502_21,expanded,45,2024-05-02 21:00:00,2024-05-02 21:45:00,2024-05-02 22:15:00,40.375,-91.375,1.0,True,1.0,True,True,779.5,295.1123046875,289.62548828125,260.11968994140625,8.049223825331877,14.544807273313504,44.0,15,15,1,0
expand_active_20240502_21,expanded,45,2024-05-02 21:00:00,2024-05-02 21:45:00,2024-05-02 22:15:00,40.375,-91.125,1.0,True,1.0,True,True,736.875,295.5654296875,289.50830078125,260.12164306640625,7.247880033543491,13.728319246210015,40.0,4,2,1,0
expand_active_20240502_21,expanded,45,2024-05-02 21:00:00,2024-05-02 21:45:00,2024-05-02 22:15:00,40.375,-90.875,1.0,True,1.0,True,True,732.75,296.2333984375,289.55908203125,260.15386962890625,6.512024197529218,12.997463655768167,34.0,0,0,1,0
expand_active_20240502_21,expanded,45,2024-05-02 21:00:00,2024-05-02 21:45:00,2024-05-02 22:15:00,40.125,-91.875,1.0,True,1.0,True,True,1021.75,294.3603515625,289.97705078125,259.59039306640625,10.754589825187354,15.440919596311257,41.0,5,4,0,0
expand_active_20240502_21,expanded,45,2024-05-02 21:00:00,2024-05-02 21:45:00,2024-05-02 22:15:00,40.125,-91.625,1.0,True,1.0,True,True,886.75,294.6982421875,290.05712890625,259.90875244140625,9.238079396085578,14.798245474799911,46.0,15,15,0,0
expand_active_20240502_21,expanded,45,2024-05-02 21:00:00,2024-05-02 21:45:00,2024-05-02 22:15:00,40.125,-91.375,1.0,True,1.0,True,True,801.0,295.1455078125,289.94384765625,260.02008056640625,7.717820242593593,13.969802621053041,53.0,15,15,1,0
expand_active_20240502_21,expanded,45,2024-05-02 21:00:00,2024-05-02 21:45:00,2024-05-02 22:15:00,40.125,-91.125,1.0,True,1.0,True,True,732.375,295.9111328125,289.70556640625,259.94390869140625,6.584092439208387,13.479813221297999,61.5,15,14,1,0
expand_active_20240502_21,expanded,45,2024-05-02 21:00:00,2024-05-02 21:45:00,2024-05-02 22:15:00,40.125,-90.875,1.0,True,1.0,True,True,688.375,296.7568359375,289.72119140625,259.95953369140625,6.099069830753326,13.59561681591601,61.5,14,11,1,0
expand_active_20240502_21,expanded,45,2024-05-02 21:00:00,2024-05-02 21:45:00,2024-05-02 22:15:00,39.875,-91.875,1.0,True,1.0,True,True,869.5,294.0517578125,290.52392578125,259.44000244140625,11.129317894794637,15.014611916117717,45.0,6,3,1,0
expand_active_20240502_21,expanded,45,2024-05-02 21:00:00,2024-05-02 21:45:00,2024-05-02 22:15:00,39.875,-91.625,1.0,True,1.0,True,True,788.25,294.7509765625,290.51416015625,259.78179931640625,8.782757897543746,13.567235155773833,48.0,15,15,1,0
expand_active_20240502_21,expanded,45,2024-05-02 21:00:00,2024-05-02 21:45:00,2024-05-02 22:15:00,39.875,-91.375,1.0,True,1.0,True,True,678.375,295.6728515625,290.35009765625,259.89703369140625,6.477520603509191,12.654778602823747,55.0,15,15,1,0
expand_active_20240502_21,expanded,45,2024-05-02 21:00:00,2024-05-02 21:45:00,2024-05-02 22:15:00,39.875,-91.125,1.0,True,1.0,True,True,561.125,296.5849609375,289.83251953125,259.80718994140625,5.188069920896057,12.968458940520964,64.5,15,14,1,0
expand_active_20240502_21,expanded,45,2024-05-02 21:00:00,2024-05-02 21:45:00,2024-05-02 22:15:00,39.875,-90.875,1.0,True,1.0,True,True,542.5,297.3935546875,289.59228515625,259.81109619140625,5.144415735738829,14.097903925701772,64.5,15,15,0,0
expand_active_20240502_21,expanded,45,2024-05-02 21:00:00,2024-05-02 21:45:00,2024-05-02 22:15:00,39.625,-91.875,1.0,True,1.0,True,True,831.875,294.0185546875,290.86572265625,259.38824462890625,10.602320785057417,14.185962823234929,48.0,15,15,1,0
expand_active_20240502_21,expanded,45,2024-05-02 21:00:00,2024-05-02 21:45:00,2024-05-02 22:15:00,39.625,-91.625,1.0,True,1.0,True,True,728.625,295.0322265625,291.23486328125,259.68023681640625,7.67844177395873,11.99078483767751,58.0,15,14,1,0
expand_active_20240502_21,expanded,45,2024-05-02 21:00:00,2024-05-02 21:45:00,2024-05-02 22:15:00,39.625,-91.375,1.0,True,1.0,True,True,532.625,296.0771484375,290.54931640625,259.83746337890625,4.977236403832634,11.001061792653035,55.0,9,7,1,0
expand_active_20240502_21,expanded,45,2024-05-02 21:00:00,2024-05-02 21:45:00,2024-05-02 22:15:00,39.625,-91.125,1.0,True,1.0,True,True,308.25,297.1279296875,289.30712890625,259.82574462890625,3.698365810566584,11.817912598132649,56.5,10,6,1,0
expand_active_20240502_21,expanded,45,2024-05-02 21:00:00,2024-05-02 21:45:00,2024-05-02 22:15:00,39.375,-91.875,1.0,True,1.0,True,True,972.75,293.6494140625,291.57861328125,259.38043212890625,9.550570925844797,13.34645486047992,53.0,15,15,1,0
expand_active_20240502_21,expanded,45,2024-05-02 21:00:00,2024-05-02 21:45:00,2024-05-02 22:15:00,39.375,-91.625,1.0,True,1.0,True,True,749.875,294.3642578125,291.71337890625,259.62164306640625,6.68585281024867,10.982438266063678,56.5,15,13,1,0
expand_active_20240502_21,expanded,45,2024-05-02 21:00:00,2024-05-02 21:45:00,2024-05-02 22:15:00,39.375,-91.375,1.0,True,1.0,True,True,497.875,295.7412109375,290.72705078125,259.84527587890625,4.442874702204166,9.970851106530965,59.0,15,15,1,0
expand_active_20240502_21,expanded,45,2024-05-02 21:00:00,2024-05-02 21:45:00,2024-05-02 22:15:00,39.375,-91.125,1.0,True,0.9333333333333333,True,True,235.125,297.3740234375,289.24853515625,259.91558837890625,3.3982205809842996,10.56241367027682,57.5,13,11,1,0
expand_active_20240502_21,expanded,45,2024-05-02 21:00:00,2024-05-02 21:45:00,2024-05-02 22:15:00,39.125,-91.875,1.0,True,1.0,True,True,1297.625,293.1845703125,291.51025390625,259.33062744140625,8.372259353258046,12.415009344872253,57.0,15,15,1,0
expand_active_20240502_21,expanded,45,2024-05-02 21:00:00,2024-05-02 21:45:00,2024-05-02 22:15:00,39.125,-91.625,1.0,True,1.0,True,True,892.25,293.8896484375,291.31494140625,259.55035400390625,5.968751892076593,10.389485356231251,54.5,15,15,1,0
expand_active_20240502_21,expanded,45,2024-05-02 21:00:00,2024-05-02 21:45:00,2024-05-02 22:15:00,39.125,-90.875,0.8666666666666667,True,0.8666666666666667,True,True,189.25,299.4833984375,288.49267578125,259.85211181640625,4.203894058699061,11.165632844249588,17.5,0,0,0,0
expand_active_20240502_21,expanded,45,2024-05-02 21:00:00,2024-05-02 21:45:00,2024-05-02 22:15:00,39.125,-90.625,1.0,True,1.0,True,True,67.375,299.8349609375,288.20556640625,259.99273681640625,4.21067131164661,13.161890887111804,18.0,0,0,0,0
expand_active_20240502_21,expanded,45,2024-05-02 21:00:00,2024-05-02 21:45:00,2024-05-02 22:15:00,38.875,-91.875,1.0,True,1.0,True,True,1418.0,293.0830078125,291.98876953125,259.32965087890625,7.928693511531802,12.00349834544257,58.0,15,15,1,0
expand_active_20240502_21,expanded,45,2024-05-02 21:00:00,2024-05-02 21:45:00,2024-05-02 22:15:00,38.875,-90.125,0.8,True,1.0,True,True,24.625,301.5830078125,287.57470703125,260.25347900390625,3.622896093157527,16.41863198250228,17.0,0,0,0,0
expand_active_20240502_21,expanded,45,2024-05-02 21:00:00,2024-05-02 21:45:00,2024-05-02 22:15:00,38.625,-91.875,1.0,True,1.0,True,True,1154.875,294.0986328125,292.07080078125,259.40777587890625,8.03923633540006,12.217524179833696,59.5,15,15,1,0
expand_active_20240502_21,expanded,45,2024-05-02 21:00:00,2024-05-02 21:45:00,2024-05-02 22:15:00,38.625,-90.375,1.0,True,1.0,True,True,97.25,301.1181640625,287.75439453125,259.93414306640625,4.316980825589035,16.181196952373746,15.5,0,0,0,0
expand_active_20240502_21,expanded,45,2024-05-02 21:00:00,2024-05-02 21:45:00,2024-05-02 22:15:00,38.625,-90.125,1.0,True,1.0,True,True,12.625,301.8876953125,287.75634765625,260.17926025390625,3.3420916120570032,16.833711016253222,13.5,0,0,0,0
expand_active_20240502_21,expanded,45,2024-05-02 21:00:00,2024-05-02 21:45:00,2024-05-02 22:15:00,38.375,-91.875,1.0,True,1.0,True,True,895.125,295.4130859375,291.08642578125,259.57769775390625,7.55346984258138,11.874312230967845,63.0,15,15,0,0
expand_active_20240502_21,expanded,45,2024-05-02 21:00:00,2024-05-02 21:45:00,2024-05-02 22:15:00,38.375,-90.875,1.0,True,0.8666666666666667,True,True,304.25,299.9169921875,288.28955078125,259.63629150390625,6.172826514674549,11.808327980742567,19.0,0,0,0,0
expand_active_20240502_21,expanded,45,2024-05-02 21:00:00,2024-05-02 21:45:00,2024-05-02 22:15:00,38.375,-90.625,1.0,True,1.0,True,True,165.125,300.5341796875,287.95556640625,259.67340087890625,4.288552807687479,13.93301347029068,16.5,0,0,0,0
expand_active_20240502_21,expanded,45,2024-05-02 21:00:00,2024-05-02 21:45:00,2024-05-02 22:15:00,38.375,-90.375,1.0,True,1.0,True,True,66.625,301.0185546875,287.83251953125,259.88629150390625,3.571108063234594,15.489436278518507,16.0,0,0,0,0
expand_active_20240502_21,expanded,45,2024-05-02 21:00:00,2024-05-02 21:45:00,2024-05-02 22:15:00,38.125,-91.875,1.0,True,1.0,True,True,779.375,296.4169921875,290.10400390625,259.88629150390625,6.533398087636709,10.668011208174402,61.5,14,11,1,0
expand_active_20240502_21,expanded,45,2024-05-02 21:00:00,2024-05-02 21:45:00,2024-05-02 22:15:00,38.125,-90.875,1.0,True,0.8666666666666667,True,True,247.375,299.3857421875,288.33056640625,259.79840087890625,7.754489617073701,11.825865808856896,18.5,0,0,0,0
expand_active_20240502_21,expanded,45,2024-05-02 21:00:00,2024-05-02 21:45:00,2024-05-02 22:15:00,38.125,-90.625,1.0,True,1.0,True,True,92.75,300.0439453125,288.32861328125,259.83941650390625,5.6702466521057415,12.93494935682759,18.5,0,0,0,0
expand_active_20240502_21,expanded,45,2024-05-02 21:00:00,2024-05-02 21:45:00,2024-05-02 22:15:00,37.625,-90.375,0.8,True,1.0,True,True,242.25,299.3115234375,288.79345703125,260.17242431640625,5.754594055737734,12.342693781650391,22.0,0,0,0,0
expand_active_20240520_01,expanded,30,2024-05-20 01:00:00,2024-05-20 01:30:00,2024-05-20 02:00:00,39.875,-88.625,0.9333333333333333,True,1.0,True,True,1334.5,299.1397705078125,291.9244384765625,262.10968017578125,3.915025524089591,2.8070347439713395,56.5,14,14,1,0
expand_active_20240520_01,expanded,45,2024-05-20 01:00:00,2024-05-20 01:45:00,2024-05-20 02:15:00,39.875,-88.625,1.0,True,1.0,True,True,1334.5,299.1397705078125,291.9244384765625,262.10968017578125,3.915025524089591,2.8070347439713395,57.0,15,15,1,0
expand_active_20240523_10,expanded,30,2024-05-23 10:00:00,2024-05-23 10:30:00,2024-05-23 11:00:00,38.875,-88.625,0.9333333333333333,True,1.0,True,True,35.875,290.172607421875,286.5234375,259.920166015625,17.159647090378296,27.70814111318503,55.0,8,2,1,0
expand_active_20240523_10,expanded,30,2024-05-23 10:00:00,2024-05-23 10:30:00,2024-05-23 11:00:00,38.625,-88.875,1.0,True,1.0,True,True,9.5,291.086669921875,286.724609375,259.294189453125,18.434136540686694,29.367654332905417,59.5,8,6,1,0
expand_active_20240523_10,expanded,30,2024-05-23 10:00:00,2024-05-23 10:30:00,2024-05-23 11:00:00,38.625,-88.625,1.0,True,1.0,True,True,12.375,291.207763671875,286.953125,259.506103515625,18.36206299376315,29.601706257531873,48.5,0,0,1,0
expand_active_20240523_10,expanded,30,2024-05-23 10:00:00,2024-05-23 10:30:00,2024-05-23 11:00:00,38.375,-89.375,1.0,True,0.9333333333333333,True,True,115.5,291.319091796875,288.228515625,258.643798828125,18.70636538843351,32.347327571206215,41.0,0,0,1,0
expand_active_20240523_10,expanded,30,2024-05-23 10:00:00,2024-05-23 10:30:00,2024-05-23 11:00:00,38.375,-89.125,1.0,True,1.0,True,True,65.5,291.311279296875,287.591796875,258.638916015625,17.920581603996425,33.74686997917472,49.5,5,5,0,0
expand_active_20240523_10,expanded,30,2024-05-23 10:00:00,2024-05-23 10:30:00,2024-05-23 11:00:00,38.375,-88.875,1.0,True,1.0,True,True,81.125,291.297607421875,287.87890625,258.900634765625,17.95951480482107,33.70765392226791,55.0,13,10,0,0
expand_active_20240523_10,expanded,30,2024-05-23 10:00:00,2024-05-23 10:30:00,2024-05-23 11:00:00,38.375,-88.625,1.0,True,1.0,True,True,84.125,291.418701171875,288.109375,259.343994140625,17.664603408700337,30.797787425367112,57.5,7,6,1,0
expand_active_20240523_10,expanded,30,2024-05-23 10:00:00,2024-05-23 10:30:00,2024-05-23 11:00:00,38.125,-90.875,1.0,True,0.8,True,True,876.0,290.071044921875,288.080078125,259.475830078125,20.201993789036905,27.76019068468569,53.5,3,2,1,0
expand_active_20240523_10,expanded,30,2024-05-23 10:00:00,2024-05-23 10:30:00,2024-05-23 11:00:00,38.125,-90.625,1.0,True,1.0,True,True,956.0,290.635498046875,288.14453125,259.599853515625,20.476020064401155,29.732397192570488,58.5,15,6,1,0
expand_active_20240523_10,expanded,30,2024-05-23 10:00:00,2024-05-23 10:30:00,2024-05-23 11:00:00,38.125,-90.375,1.0,True,1.0,True,True,885.125,291.221435546875,288.3125,259.563720703125,20.952399063617182,32.36747277094996,55.5,8,6,1,0
expand_active_20240523_10,expanded,30,2024-05-23 10:00:00,2024-05-23 10:30:00,2024-05-23 11:00:00,38.125,-90.125,1.0,True,1.0,True,True,895.375,291.744873046875,288.58203125,259.236572265625,20.62238507397647,33.93880401522085,30.5,0,0,1,0
expand_active_20240523_10,expanded,30,2024-05-23 10:00:00,2024-05-23 10:30:00,2024-05-23 11:00:00,38.125,-89.125,1.0,True,1.0,True,True,350.125,291.455810546875,289.765625,258.192626953125,15.037781998450182,38.237454112644116,51.0,7,3,1,0
expand_active_20240523_10,expanded,30,2024-05-23 10:00:00,2024-05-23 10:30:00,2024-05-23 11:00:00,38.125,-88.875,1.0,True,1.0,True,True,217.75,291.580810546875,289.92578125,258.708251953125,14.271079748439194,35.15745055922694,62.0,15,15,0,0
expand_active_20240523_10,expanded,30,2024-05-23 10:00:00,2024-05-23 10:30:00,2024-05-23 11:00:00,38.125,-88.625,1.0,True,1.0,True,True,220.625,291.576904296875,290.080078125,259.410400390625,13.291054574874673,28.35278833836752,57.5,6,0,1,0
expand_active_20240523_10,expanded,30,2024-05-23 10:00:00,2024-05-23 10:30:00,2024-05-23 11:00:00,37.875,-88.875,1.0,True,1.0,True,True,463.875,291.981201171875,291.67578125,258.780517578125,10.14488223308578,33.792305707989485,63.0,15,14,1,0
expand_active_20240523_10,expanded,30,2024-05-23 10:00:00,2024-05-23 10:30:00,2024-05-23 11:00:00,37.875,-88.625,1.0,True,1.0,True,True,347.625,292.059326171875,291.640625,259.445556640625,8.459420789763298,25.83429318796423,53.5,2,1,1,0
expand_active_20240523_10,expanded,45,2024-05-23 10:00:00,2024-05-23 10:45:00,2024-05-23 11:15:00,38.875,-88.625,0.9333333333333333,True,1.0,True,True,35.875,290.172607421875,286.5234375,259.920166015625,17.159647090378296,27.70814111318503,46.5,1,0,1,0
expand_active_20240523_10,expanded,45,2024-05-23 10:00:00,2024-05-23 10:45:00,2024-05-23 11:15:00,38.625,-88.875,1.0,True,1.0,True,True,9.5,291.086669921875,286.724609375,259.294189453125,18.434136540686694,29.367654332905417,59.5,15,14,0,0
expand_active_20240523_10,expanded,45,2024-05-23 10:00:00,2024-05-23 10:45:00,2024-05-23 11:15:00,38.625,-88.625,1.0,True,1.0,True,True,12.375,291.207763671875,286.953125,259.506103515625,18.36206299376315,29.601706257531873,53.0,8,7,0,0
expand_active_20240523_10,expanded,45,2024-05-23 10:00:00,2024-05-23 10:45:00,2024-05-23 11:15:00,38.375,-89.125,1.0,True,0.9333333333333333,True,True,65.5,291.311279296875,287.591796875,258.638916015625,17.920581603996425,33.74686997917472,34.5,0,0,0,0
expand_active_20240523_10,expanded,45,2024-05-23 10:00:00,2024-05-23 10:45:00,2024-05-23 11:15:00,38.375,-88.875,1.0,True,1.0,True,True,81.125,291.297607421875,287.87890625,258.900634765625,17.95951480482107,33.70765392226791,54.0,6,4,0,0
expand_active_20240523_10,expanded,45,2024-05-23 10:00:00,2024-05-23 10:45:00,2024-05-23 11:15:00,38.375,-88.625,1.0,True,1.0,True,True,84.125,291.418701171875,288.109375,259.343994140625,17.664603408700337,30.797787425367112,57.5,15,14,1,0
expand_active_20240523_10,expanded,45,2024-05-23 10:00:00,2024-05-23 10:45:00,2024-05-23 11:15:00,38.125,-90.375,1.0,True,0.8666666666666667,True,True,885.125,291.221435546875,288.3125,259.563720703125,20.952399063617182,32.36747277094996,61.5,15,14,1,0
expand_active_20240523_10,expanded,45,2024-05-23 10:00:00,2024-05-23 10:45:00,2024-05-23 11:15:00,38.125,-90.125,1.0,True,1.0,True,True,895.375,291.744873046875,288.58203125,259.236572265625,20.62238507397647,33.93880401522085,60.0,4,2,1,0
expand_active_20240523_10,expanded,45,2024-05-23 10:00:00,2024-05-23 10:45:00,2024-05-23 11:15:00,38.125,-88.875,1.0,True,1.0,True,True,217.75,291.580810546875,289.92578125,258.708251953125,14.271079748439194,35.15745055922694,55.0,13,11,0,0
expand_active_20240523_10,expanded,45,2024-05-23 10:00:00,2024-05-23 10:45:00,2024-05-23 11:15:00,38.125,-88.625,1.0,True,1.0,True,True,220.625,291.576904296875,290.080078125,259.410400390625,13.291054574874673,28.35278833836752,57.5,12,2,1,0
expand_active_20240523_10,expanded,45,2024-05-23 10:00:00,2024-05-23 10:45:00,2024-05-23 11:15:00,37.875,-88.875,1.0,True,1.0,True,True,463.875,291.981201171875,291.67578125,258.780517578125,10.14488223308578,33.792305707989485,63.5,15,15,1,0
expand_active_20240523_10,expanded,45,2024-05-23 10:00:00,2024-05-23 10:45:00,2024-05-23 11:15:00,37.875,-88.625,1.0,True,1.0,True,True,347.625,292.059326171875,291.640625,259.445556640625,8.459420789763298,25.83429318796423,62.0,10,9,1,0
expand_active_20240609_07,expanded,30,2024-06-09 07:00:00,2024-06-09 07:30:00,2024-06-09 08:00:00,37.875,-91.875,1.0,True,1.0,True,True,1899.75,294.743408203125,294.046875,265.29833984375,19.07624517103933,26.842560053437406,64.0,8,7,1,1
expand_active_20240609_07,expanded,30,2024-06-09 07:00:00,2024-06-09 07:30:00,2024-06-09 08:00:00,37.875,-91.625,1.0,True,1.0,True,True,1544.0,294.706298828125,294.0,265.26904296875,21.012650778035113,27.868720697710955,28.0,0,0,1,0
expand_active_20240609_07,expanded,30,2024-06-09 07:00:00,2024-06-09 07:30:00,2024-06-09 08:00:00,37.875,-91.375,1.0,True,1.0,True,True,1343.75,294.745361328125,293.9609375,265.25048828125,21.814326152707146,28.037387062343203,22.5,0,0,0,0
expand_active_20240609_07,expanded,30,2024-06-09 07:00:00,2024-06-09 07:30:00,2024-06-09 08:00:00,37.875,-91.125,0.8666666666666667,True,1.0,True,True,1095.25,294.823486328125,293.94140625,265.21728515625,21.517152703151826,28.23589539671267,24.5,0,0,0,0
expand_active_20240609_07,expanded,30,2024-06-09 07:00:00,2024-06-09 07:30:00,2024-06-09 08:00:00,37.625,-91.875,1.0,True,1.0,True,True,2437.5,294.655517578125,293.97265625,265.45556640625,10.291073755812596,19.100264034355522,54.0,15,12,1,0
expand_active_20240609_07,expanded,30,2024-06-09 07:00:00,2024-06-09 07:30:00,2024-06-09 08:00:00,37.625,-91.625,1.0,True,1.0,True,True,1999.25,294.628173828125,293.94921875,265.34912109375,12.262819210179451,21.19165725069338,48.5,6,1,0,0
expand_active_20240609_07,expanded,30,2024-06-09 07:00:00,2024-06-09 07:30:00,2024-06-09 08:00:00,37.625,-91.375,1.0,True,1.0,True,True,1513.0,294.731689453125,294.05078125,265.28369140625,13.978916624915598,22.902585626445155,32.5,0,0,0,0
expand_active_20240609_07,expanded,45,2024-06-09 07:00:00,2024-06-09 07:45:00,2024-06-09 08:15:00,37.875,-91.875,1.0,True,1.0,True,True,1899.75,294.743408203125,294.046875,265.29833984375,19.07624517103933,26.842560053437406,68.5,15,15,1,1
expand_active_20240609_07,expanded,45,2024-06-09 07:00:00,2024-06-09 07:45:00,2024-06-09 08:15:00,37.875,-91.625,1.0,True,1.0,True,True,1544.0,294.706298828125,294.0,265.26904296875,21.012650778035113,27.868720697710955,42.5,0,0,1,0
expand_active_20240609_07,expanded,45,2024-06-09 07:00:00,2024-06-09 07:45:00,2024-06-09 08:15:00,37.875,-91.375,1.0,True,1.0,True,True,1343.75,294.745361328125,293.9609375,265.25048828125,21.814326152707146,28.037387062343203,22.5,0,0,0,0
expand_active_20240609_07,expanded,45,2024-06-09 07:00:00,2024-06-09 07:45:00,2024-06-09 08:15:00,37.875,-91.125,1.0,True,1.0,True,True,1095.25,294.823486328125,293.94140625,265.21728515625,21.517152703151826,28.23589539671267,24.5,0,0,0,0
expand_active_20240609_07,expanded,45,2024-06-09 07:00:00,2024-06-09 07:45:00,2024-06-09 08:15:00,37.625,-91.875,1.0,True,1.0,True,True,2437.5,294.655517578125,293.97265625,265.45556640625,10.291073755812596,19.100264034355522,54.0,15,15,1,0
expand_active_20240609_07,expanded,45,2024-06-09 07:00:00,2024-06-09 07:45:00,2024-06-09 08:15:00,37.625,-91.625,1.0,True,1.0,True,True,1999.25,294.628173828125,293.94921875,265.34912109375,12.262819210179451,21.19165725069338,43.5,2,0,0,0
expand_active_20240609_07,expanded,45,2024-06-09 07:00:00,2024-06-09 07:45:00,2024-06-09 08:15:00,37.625,-91.375,1.0,True,1.0,True,True,1513.0,294.731689453125,294.05078125,265.28369140625,13.978916624915598,22.902585626445155,33.5,0,0,0,0
expand_active_20240609_07,expanded,45,2024-06-09 07:00:00,2024-06-09 07:45:00,2024-06-09 08:15:00,37.625,-91.125,1.0,True,1.0,True,True,1164.25,294.778564453125,294.07421875,265.25048828125,15.033396577843332,24.28087096859323,26.0,0,0,0,0
expand_active_20240613_23,expanded,30,2024-06-13 23:00:00,2024-06-13 23:30:00,2024-06-14 00:00:00,40.375,-91.875,1.0,True,1.0,True,True,3639.5,301.16943359375,296.444580078125,265.00213623046875,19.630258178995835,8.308979051901407,59.5,15,15,1,0
expand_active_20240613_23,expanded,30,2024-06-13 23:00:00,2024-06-13 23:30:00,2024-06-14 00:00:00,40.375,-91.625,1.0,True,1.0,True,True,3168.75,300.95068359375,296.456298828125,265.19647216796875,18.94705368433324,9.92746693691881,60.0,15,15,1,0
expand_active_20240613_23,expanded,30,2024-06-13 23:00:00,2024-06-13 23:30:00,2024-06-14 00:00:00,40.375,-91.375,1.0,True,1.0,True,True,2704.5,301.22412109375,295.272705078125,265.29119873046875,18.48170318198109,11.708601921302378,58.5,13,10,1,0
expand_active_20240613_23,expanded,30,2024-06-13 23:00:00,2024-06-13 23:30:00,2024-06-14 00:00:00,40.375,-91.125,1.0,True,1.0,True,True,2453.5,301.42333984375,294.606689453125,265.21112060546875,17.96381092250657,13.323328931500294,57.5,14,12,1,0
expand_active_20240613_23,expanded,30,2024-06-13 23:00:00,2024-06-13 23:30:00,2024-06-14 00:00:00,40.375,-90.875,1.0,True,1.0,True,True,2092.75,302.09716796875,294.296142578125,264.97576904296875,17.70378756289392,15.10502721401773,50.5,9,8,1,0
expand_active_20240613_23,expanded,30,2024-06-13 23:00:00,2024-06-13 23:30:00,2024-06-14 00:00:00,40.375,-90.625,1.0,True,1.0,True,True,2028.75,303.16357421875,294.208251953125,264.67987060546875,17.763642081919365,16.631399226071608,42.5,0,0,0,0
expand_active_20240613_23,expanded,30,2024-06-13 23:00:00,2024-06-13 23:30:00,2024-06-14 00:00:00,40.375,-90.375,1.0,True,1.0,True,True,2044.0,303.68310546875,294.528564453125,264.40155029296875,17.73869585402676,17.44906277688388,48.5,3,0,0,0
expand_active_20240613_23,expanded,30,2024-06-13 23:00:00,2024-06-13 23:30:00,2024-06-14 00:00:00,40.375,-90.125,1.0,True,1.0,True,True,2220.5,303.42138671875,294.509033203125,264.15643310546875,17.217616929873223,17.91511457003773,49.0,1,0,1,0
expand_active_20240613_23,expanded,30,2024-06-13 23:00:00,2024-06-13 23:30:00,2024-06-14 00:00:00,40.375,-89.875,1.0,True,1.0,True,True,2649.25,303.49169921875,294.858642578125,263.88201904296875,16.398162161329864,18.40209195941241,27.5,0,0,0,0
expand_active_20240613_23,expanded,30,2024-06-13 23:00:00,2024-06-13 23:30:00,2024-06-14 00:00:00,40.125,-91.875,1.0,True,1.0,True,True,4169.25,302.06591796875,297.292236328125,265.70428466796875,17.86172905598919,7.4282723045238335,63.5,15,15,1,0
expand_active_20240613_23,expanded,30,2024-06-13 23:00:00,2024-06-13 23:30:00,2024-06-14 00:00:00,40.125,-91.625,1.0,True,1.0,True,True,3622.75,301.77685546875,296.737548828125,265.93865966796875,17.20067321853537,9.123571801322553,56.5,10,7,1,0
expand_active_20240613_23,expanded,30,2024-06-13 23:00:00,2024-06-13 23:30:00,2024-06-14 00:00:00,40.125,-91.375,1.0,True,1.0,True,True,3106.5,302.15380859375,295.360595703125,266.09686279296875,16.99363747007685,10.887445226063127,58.0,15,15,1,0
expand_active_20240613_23,expanded,30,2024-06-13 23:00:00,2024-06-13 23:30:00,2024-06-14 00:00:00,40.125,-91.125,1.0,True,1.0,True,True,2679.25,302.81396484375,294.723876953125,266.06951904296875,16.909802766625432,12.246189402675547,59.5,15,12,1,0
expand_active_20240613_23,expanded,30,2024-06-13 23:00:00,2024-06-13 23:30:00,2024-06-14 00:00:00,40.125,-90.875,1.0,True,1.0,True,True,2275.0,303.85302734375,294.837158203125,265.75799560546875,16.98532028314071,13.772747340279578,54.0,12,8,1,0
expand_active_20240613_23,expanded,30,2024-06-13 23:00:00,2024-06-13 23:30:00,2024-06-14 00:00:00,40.125,-90.625,1.0,True,1.0,True,True,2251.75,305.12646484375,294.223876953125,265.25311279296875,16.973349906436844,14.994374730131515,43.5,0,0,0,0
expand_active_20240613_23,expanded,30,2024-06-13 23:00:00,2024-06-13 23:30:00,2024-06-14 00:00:00,40.125,-90.375,1.0,True,1.0,True,True,2369.25,305.25927734375,293.975830078125,264.75897216796875,16.76670405949895,15.433053134617726,29.5,0,0,0,0
expand_active_20240613_23,expanded,30,2024-06-13 23:00:00,2024-06-13 23:30:00,2024-06-14 00:00:00,40.125,-90.125,1.0,True,1.0,True,True,2558.0,304.51904296875,294.282470703125,264.37811279296875,16.402889051594624,15.782250802935444,27.5,0,0,0,0
expand_active_20240613_23,expanded,30,2024-06-13 23:00:00,2024-06-13 23:30:00,2024-06-14 00:00:00,40.125,-89.875,1.0,True,1.0,True,True,2990.5,304.09912109375,294.893798828125,264.06170654296875,16.017600493784105,16.462304855324195,23.5,0,0,0,0
expand_active_20240613_23,expanded,30,2024-06-13 23:00:00,2024-06-13 23:30:00,2024-06-14 00:00:00,39.875,-91.875,1.0,True,1.0,True,True,3490.75,303.53662109375,295.020751953125,266.37713623046875,16.943043172741298,10.391593323993257,39.0,0,0,0,0
expand_active_20240613_23,expanded,30,2024-06-13 23:00:00,2024-06-13 23:30:00,2024-06-14 00:00:00,39.875,-91.625,1.0,True,1.0,True,True,3460.5,303.94873046875,294.969970703125,266.52655029296875,16.486272906659018,11.652467885862368,58.5,4,3,1,0
expand_active_20240613_23,expanded,30,2024-06-13 23:00:00,2024-06-13 23:30:00,2024-06-14 00:00:00,39.875,-91.375,1.0,True,1.0,True,True,3087.25,304.60302734375,294.962158203125,266.64373779296875,16.704258066454475,12.812865330821905,57.5,11,10,0,0
expand_active_20240613_23,expanded,30,2024-06-13 23:00:00,2024-06-13 23:30:00,2024-06-14 00:00:00,39.875,-91.125,1.0,True,1.0,True,True,2938.5,305.02685546875,294.815673828125,266.67010498046875,17.466060981406752,13.913473005114085,61.0,14,12,1,0
expand_active_20240613_23,expanded,30,2024-06-13 23:00:00,2024-06-13 23:30:00,2024-06-14 00:00:00,39.875,-90.875,1.0,True,1.0,True,True,2573.5,305.49560546875,294.339111328125,266.36248779296875,18.01054206956061,15.04371242198221,56.5,8,4,1,0
expand_active_20240613_23,expanded,30,2024-06-13 23:00:00,2024-06-13 23:30:00,2024-06-14 00:00:00,39.875,-90.625,1.0,True,1.0,True,True,2765.5,306.01318359375,293.725830078125,265.74627685546875,17.627925431085277,15.474789604772116,43.5,0,0,1,1
expand_active_20240613_23,expanded,30,2024-06-13 23:00:00,2024-06-13 23:30:00,2024-06-14 00:00:00,39.875,-90.375,1.0,True,1.0,True,True,2766.5,306.03662109375,293.391845703125,265.09490966796875,16.90691079939261,15.108968827634106,30.0,0,0,0,0
expand_active_20240613_23,expanded,30,2024-06-13 23:00:00,2024-06-13 23:30:00,2024-06-14 00:00:00,39.875,-90.125,1.0,True,1.0,True,True,2882.0,305.43896484375,293.712158203125,264.55291748046875,16.668568472471968,14.950131831981862,23.0,0,0,0,0
expand_active_20240613_23,expanded,30,2024-06-13 23:00:00,2024-06-13 23:30:00,2024-06-14 00:00:00,39.875,-89.875,0.8666666666666667,True,1.0,True,True,3078.75,304.90380859375,294.540283203125,264.14666748046875,16.819935914206198,15.373373291294222,22.0,0,0,0,0
expand_active_20240613_23,expanded,30,2024-06-13 23:00:00,2024-06-13 23:30:00,2024-06-14 00:00:00,39.625,-91.625,1.0,True,1.0,True,True,2443.5,305.87451171875,294.454345703125,266.44744873046875,14.957058631016244,13.211425779813691,20.0,0,0,0,0
expand_active_20240613_23,expanded,30,2024-06-13 23:00:00,2024-06-13 23:30:00,2024-06-14 00:00:00,39.625,-91.375,1.0,True,1.0,True,True,2793.75,305.72412109375,294.647705078125,266.48748779296875,15.919487077536996,14.22653279175876,20.5,0,0,0,0
expand_active_20240613_23,expanded,30,2024-06-13 23:00:00,2024-06-13 23:30:00,2024-06-14 00:00:00,39.625,-91.125,1.0,True,1.0,True,True,3315.75,305.42529296875,294.768798828125,266.56658935546875,17.38973749189324,15.380356534678024,38.5,0,0,0,0
expand_active_20240613_23,expanded,30,2024-06-13 23:00:00,2024-06-13 23:30:00,2024-06-14 00:00:00,39.625,-90.875,1.0,True,1.0,True,True,3279.0,305.45263671875,294.512939453125,266.33807373046875,18.17668499080448,16.330027836916496,32.5,0,0,0,0
expand_active_20240613_23,expanded,30,2024-06-13 23:00:00,2024-06-13 23:30:00,2024-06-14 00:00:00,39.375,-91.125,1.0,True,1.0,True,True,2197.0,305.94091796875,294.210205078125,265.95135498046875,16.59650939306637,15.19372656396183,20.0,0,0,0,0
expand_active_20240613_23,expanded,45,2024-06-13 23:00:00,2024-06-13 23:45:00,2024-06-14 00:15:00,40.375,-91.875,1.0,True,1.0,True,True,3639.5,301.16943359375,296.444580078125,265.00213623046875,19.630258178995835,8.308979051901407,61.5,15,15,1,0
expand_active_20240613_23,expanded,45,2024-06-13 23:00:00,2024-06-13 23:45:00,2024-06-14 00:15:00,40.375,-91.625,1.0,True,1.0,True,True,3168.75,300.95068359375,296.456298828125,265.19647216796875,18.94705368433324,9.92746693691881,60.0,15,15,1,1
expand_active_20240613_23,expanded,45,2024-06-13 23:00:00,2024-06-13 23:45:00,2024-06-14 00:15:00,40.375,-91.375,1.0,True,1.0,True,True,2704.5,301.22412109375,295.272705078125,265.29119873046875,18.48170318198109,11.708601921302378,58.5,13,10,0,0
expand_active_20240613_23,expanded,45,2024-06-13 23:00:00,2024-06-13 23:45:00,2024-06-14 00:15:00,40.375,-91.125,1.0,True,1.0,True,True,2453.5,301.42333984375,294.606689453125,265.21112060546875,17.96381092250657,13.323328931500294,61.0,12,10,1,0
expand_active_20240613_23,expanded,45,2024-06-13 23:00:00,2024-06-13 23:45:00,2024-06-14 00:15:00,40.375,-90.875,1.0,True,1.0,True,True,2092.75,302.09716796875,294.296142578125,264.97576904296875,17.70378756289392,15.10502721401773,50.5,9,9,1,0
expand_active_20240613_23,expanded,45,2024-06-13 23:00:00,2024-06-13 23:45:00,2024-06-14 00:15:00,40.375,-90.625,1.0,True,1.0,True,True,2028.75,303.16357421875,294.208251953125,264.67987060546875,17.763642081919365,16.631399226071608,42.5,0,0,0,0
expand_active_20240613_23,expanded,45,2024-06-13 23:00:00,2024-06-13 23:45:00,2024-06-14 00:15:00,40.375,-90.375,1.0,True,1.0,True,True,2044.0,303.68310546875,294.528564453125,264.40155029296875,17.73869585402676,17.44906277688388,48.5,8,0,0,0
expand_active_20240613_23,expanded,45,2024-06-13 23:00:00,2024-06-13 23:45:00,2024-06-14 00:15:00,40.375,-90.125,1.0,True,1.0,True,True,2220.5,303.42138671875,294.509033203125,264.15643310546875,17.217616929873223,17.91511457003773,58.5,9,7,1,0
expand_active_20240613_23,expanded,45,2024-06-13 23:00:00,2024-06-13 23:45:00,2024-06-14 00:15:00,40.375,-89.875,1.0,True,1.0,True,True,2649.25,303.49169921875,294.858642578125,263.88201904296875,16.398162161329864,18.40209195941241,35.0,0,0,1,0
expand_active_20240613_23,expanded,45,2024-06-13 23:00:00,2024-06-13 23:45:00,2024-06-14 00:15:00,40.375,-89.625,1.0,True,1.0,True,True,2955.5,303.54833984375,294.692626953125,263.57928466796875,15.943805095983334,18.869807503105918,27.5,0,0,1,0
expand_active_20240613_23,expanded,45,2024-06-13 23:00:00,2024-06-13 23:45:00,2024-06-14 00:15:00,40.125,-91.875,1.0,True,1.0,True,True,4169.25,302.06591796875,297.292236328125,265.70428466796875,17.86172905598919,7.4282723045238335,63.5,15,15,1,0
expand_active_20240613_23,expanded,45,2024-06-13 23:00:00,2024-06-13 23:45:00,2024-06-14 00:15:00,40.125,-91.625,1.0,True,1.0,True,True,3622.75,301.77685546875,296.737548828125,265.93865966796875,17.20067321853537,9.123571801322553,63.0,14,12,1,0
expand_active_20240613_23,expanded,45,2024-06-13 23:00:00,2024-06-13 23:45:00,2024-06-14 00:15:00,40.125,-91.375,1.0,True,1.0,True,True,3106.5,302.15380859375,295.360595703125,266.09686279296875,16.99363747007685,10.887445226063127,55.5,15,15,1,0
expand_active_20240613_23,expanded,45,2024-06-13 23:00:00,2024-06-13 23:45:00,2024-06-14 00:15:00,40.125,-91.125,1.0,True,1.0,True,True,2679.25,302.81396484375,294.723876953125,266.06951904296875,16.909802766625432,12.246189402675547,59.5,15,15,1,0
expand_active_20240613_23,expanded,45,2024-06-13 23:00:00,2024-06-13 23:45:00,2024-06-14 00:15:00,40.125,-90.875,1.0,True,1.0,True,True,2275.0,303.85302734375,294.837158203125,265.75799560546875,16.98532028314071,13.772747340279578,54.0,13,12,1,0
expand_active_20240613_23,expanded,45,2024-06-13 23:00:00,2024-06-13 23:45:00,2024-06-14 00:15:00,40.125,-90.625,1.0,True,1.0,True,True,2251.75,305.12646484375,294.223876953125,265.25311279296875,16.973349906436844,14.994374730131515,41.5,5,2,0,0
expand_active_20240613_23,expanded,45,2024-06-13 23:00:00,2024-06-13 23:45:00,2024-06-14 00:15:00,40.125,-90.375,1.0,True,1.0,True,True,2369.25,305.25927734375,293.975830078125,264.75897216796875,16.76670405949895,15.433053134617726,37.5,0,0,0,0
expand_active_20240613_23,expanded,45,2024-06-13 23:00:00,2024-06-13 23:45:00,2024-06-14 00:15:00,40.125,-90.125,1.0,True,1.0,True,True,2558.0,304.51904296875,294.282470703125,264.37811279296875,16.402889051594624,15.782250802935444,30.5,0,0,0,0
expand_active_20240613_23,expanded,45,2024-06-13 23:00:00,2024-06-13 23:45:00,2024-06-14 00:15:00,40.125,-89.875,1.0,True,1.0,True,True,2990.5,304.09912109375,294.893798828125,264.06170654296875,16.017600493784105,16.462304855324195,25.5,0,0,0,0
expand_active_20240613_23,expanded,45,2024-06-13 23:00:00,2024-06-13 23:45:00,2024-06-14 00:15:00,39.875,-91.875,1.0,True,1.0,True,True,3490.75,303.53662109375,295.020751953125,266.37713623046875,16.943043172741298,10.391593323993257,44.5,0,0,0,0
expand_active_20240613_23,expanded,45,2024-06-13 23:00:00,2024-06-13 23:45:00,2024-06-14 00:15:00,39.875,-91.625,1.0,True,1.0,True,True,3460.5,303.94873046875,294.969970703125,266.52655029296875,16.486272906659018,11.652467885862368,48.0,5,2,1,0
expand_active_20240613_23,expanded,45,2024-06-13 23:00:00,2024-06-13 23:45:00,2024-06-14 00:15:00,39.875,-91.375,1.0,True,1.0,True,True,3087.25,304.60302734375,294.962158203125,266.64373779296875,16.704258066454475,12.812865330821905,53.0,3,2,0,0
expand_active_20240613_23,expanded,45,2024-06-13 23:00:00,2024-06-13 23:45:00,2024-06-14 00:15:00,39.875,-91.125,1.0,True,1.0,True,True,2938.5,305.02685546875,294.815673828125,266.67010498046875,17.466060981406752,13.913473005114085,61.0,15,13,1,0
expand_active_20240613_23,expanded,45,2024-06-13 23:00:00,2024-06-13 23:45:00,2024-06-14 00:15:00,39.875,-90.875,1.0,True,1.0,True,True,2573.5,305.49560546875,294.339111328125,266.36248779296875,18.01054206956061,15.04371242198221,61.0,13,12,1,0
expand_active_20240613_23,expanded,45,2024-06-13 23:00:00,2024-06-13 23:45:00,2024-06-14 00:15:00,39.875,-90.625,1.0,True,1.0,True,True,2765.5,306.01318359375,293.725830078125,265.74627685546875,17.627925431085277,15.474789604772116,55.0,3,3,1,0
expand_active_20240613_23,expanded,45,2024-06-13 23:00:00,2024-06-13 23:45:00,2024-06-14 00:15:00,39.875,-90.375,1.0,True,1.0,True,True,2766.5,306.03662109375,293.391845703125,265.09490966796875,16.90691079939261,15.108968827634106,26.5,0,0,1,0
expand_active_20240613_23,expanded,45,2024-06-13 23:00:00,2024-06-13 23:45:00,2024-06-14 00:15:00,39.875,-90.125,1.0,True,1.0,True,True,2882.0,305.43896484375,293.712158203125,264.55291748046875,16.668568472471968,14.950131831981862,25.0,0,0,0,0
expand_active_20240613_23,expanded,45,2024-06-13 23:00:00,2024-06-13 23:45:00,2024-06-14 00:15:00,39.875,-89.875,1.0,True,1.0,True,True,3078.75,304.90380859375,294.540283203125,264.14666748046875,16.819935914206198,15.373373291294222,25.0,0,0,0,0
expand_active_20240613_23,expanded,45,2024-06-13 23:00:00,2024-06-13 23:45:00,2024-06-14 00:15:00,39.625,-91.625,1.0,True,1.0,True,True,2443.5,305.87451171875,294.454345703125,266.44744873046875,14.957058631016244,13.211425779813691,21.0,0,0,0,0
expand_active_20240613_23,expanded,45,2024-06-13 23:00:00,2024-06-13 23:45:00,2024-06-14 00:15:00,39.625,-91.375,1.0,True,1.0,True,True,2793.75,305.72412109375,294.647705078125,266.48748779296875,15.919487077536996,14.22653279175876,22.5,0,0,0,0
expand_active_20240613_23,expanded,45,2024-06-13 23:00:00,2024-06-13 23:45:00,2024-06-14 00:15:00,39.625,-91.125,1.0,True,1.0,True,True,3315.75,305.42529296875,294.768798828125,266.56658935546875,17.38973749189324,15.380356534678024,38.5,0,0,0,0
expand_active_20240613_23,expanded,45,2024-06-13 23:00:00,2024-06-13 23:45:00,2024-06-14 00:15:00,39.625,-90.875,1.0,True,1.0,True,True,3279.0,305.45263671875,294.512939453125,266.33807373046875,18.17668499080448,16.330027836916496,46.5,0,0,0,0
expand_active_20240613_23,expanded,45,2024-06-13 23:00:00,2024-06-13 23:45:00,2024-06-14 00:15:00,39.625,-90.625,1.0,True,1.0,True,True,2960.0,305.91748046875,293.610595703125,265.74725341796875,17.675104594648843,16.327237991010346,34.5,0,0,0,0
expand_active_20240613_23,expanded,45,2024-06-13 23:00:00,2024-06-13 23:45:00,2024-06-14 00:15:00,39.625,-90.375,1.0,True,1.0,True,True,2901.5,306.10107421875,293.175048828125,265.08319091796875,16.849972733225755,15.589605188350085,32.0,0,0,0,0
expand_active_20240613_23,expanded,45,2024-06-13 23:00:00,2024-06-13 23:45:00,2024-06-14 00:15:00,39.375,-91.125,1.0,True,1.0,True,True,2197.0,305.94091796875,294.210205078125,265.95135498046875,16.59650939306637,15.19372656396183,22.0,0,0,0,0
expand_active_20240613_23,expanded,45,2024-06-13 23:00:00,2024-06-13 23:45:00,2024-06-14 00:15:00,39.375,-90.875,1.0,True,1.0,True,True,2375.25,305.99755859375,294.112548828125,265.74334716796875,17.337584726900054,16.118313133594206,32.0,0,0,0,0
